[
{
  "model": "recommendations.investmentplan",
  "pk": 1,
  "fields": {
    "total_amount": "10000000.00",
    "investment_period": 120,
    "preferred_banks": "",
    "risk_preference": 3,
    "created_at": "2024-11-26T08:21:20.482Z"
  }
},
{
  "model": "recommendations.planitem",
  "pk": 1,
  "fields": {
    "plan": 1,
    "product_type": "deposit",
    "product_id": "10511008001004000",
    "amount": "5000000.00",
    "start_month": 0,
    "period": 36,
    "expected_return": "502500.00"
  }
},
{
  "model": "recommendations.planitem",
  "pk": 2,
  "fields": {
    "plan": 1,
    "product_type": "saving",
    "product_id": "21001236",
    "amount": "5000000.00",
    "start_month": 0,
    "period": 36,
    "expected_return": "750000.00"
  }
},
{
  "model": "recommendations.planitem",
  "pk": 3,
  "fields": {
    "plan": 1,
    "product_type": "deposit",
    "product_id": "10511008000996000",
    "amount": "5600000.00",
    "start_month": 36,
    "period": 36,
    "expected_return": "579600.00"
  }
},
{
  "model": "recommendations.planitem",
  "pk": 4,
  "fields": {
    "plan": 1,
    "product_type": "saving",
    "product_id": "01012000210000000000",
    "amount": "5600000.00",
    "start_month": 36,
    "period": 36,
    "expected_return": "739200.00"
  }
},
{
  "model": "recommendations.planitem",
  "pk": 5,
  "fields": {
    "plan": 1,
    "product_type": "deposit",
    "product_id": "10-003-1384-0001",
    "amount": "11900000.00",
    "start_month": 72,
    "period": 36,
    "expected_return": "1106700.00"
  }
},
{
  "model": "recommendations.planitem",
  "pk": 6,
  "fields": {
    "plan": 1,
    "product_type": "saving",
    "product_id": "52",
    "amount": "11900000.00",
    "start_month": 72,
    "period": 36,
    "expected_return": "1606500.00"
  }
},
{
  "model": "boards.post",
  "pk": 2,
  "fields": {
    "title": "소액으로 시작하는 나만의 재테크 전략: 커피 한 잔 아끼기로 만드는 자산",
    "content": "안녕하세요, 재테크에 관심 있는 분들과 제 경험을 나누고 싶어 글을 남깁니다! 저는 평범한 월급쟁이지만, 작은 습관을 바꿔서 자산을 조금씩 키워나가고 있어요. 바로 소액 저축과 투자 습관을 활용한 재테크 방법입니다.  커피 한 잔 아끼기 전략 매일 아침 카페에서 커피를 사 마셨는데, 한 달만 아껴보기로 했어요. 하루에 5,000원씩 절약하면 한 달이면 15만 원! 이 돈을 그냥 모아두는 대신, 1년 적금 상품에 넣었더니 약간의 이자가 더해져 목표보다 빠르게 모을 수 있었어요. 팁: 예적금 금리가 높은 상품(요즘 3~5%)을 활용하세요.",
    "author": 2,
    "created_at": "2024-11-26T06:09:06.680Z",
    "updated_at": "2024-11-26T06:09:06.680Z",
    "like_users": []
  }
},
{
  "model": "boards.post",
  "pk": 3,
  "fields": {
    "title": "잔돈 투자로 시작하기",
    "content": "소액으로 주식을 시작하는 게 겁날 수 있지만, 저는 잔돈 투자 앱을 사용했어요. 하루에 몇백 원이라도 꾸준히 투자하다 보니, 처음엔 소액이던 것이 시간이 지나면서 큰 힘이 되더라고요.",
    "author": 2,
    "created_at": "2024-11-26T06:09:47.160Z",
    "updated_at": "2024-11-26T06:09:47.160Z",
    "like_users": []
  }
},
{
  "model": "boards.post",
  "pk": 4,
  "fields": {
    "title": "처음 시작하는 투자, 어떤 방법이 좋을까요?",
    "content": "안녕하세요! 투자에 관심은 많았지만, 이제 막 시작하려고 마음먹은 초보 투자자입니다. 저는 안정적인 투자부터 시작하고 싶은데, 예적금이나 ETF 같은 상품이 괜찮다고 들었어요. 혹시 초보자가 고려해야 할 투자 방법이나 상품이 있다면 추천 부탁드릴게요! 그리고 수익률보다는 조금 더 안전한 자산부터 시작하고 싶습니다. 여러분의 경험이나 팁을 나눠주시면 정말 감사하겠습니다.",
    "author": 1,
    "created_at": "2024-11-26T06:13:48.178Z",
    "updated_at": "2024-11-26T06:13:48.178Z",
    "like_users": []
  }
},
{
  "model": "boards.comment",
  "pk": 4,
  "fields": {
    "post": 2,
    "author": 1,
    "content": "123",
    "created_at": "2024-11-26T06:52:08.484Z"
  }
},
{
  "model": "boards.comment",
  "pk": 5,
  "fields": {
    "post": 2,
    "author": 2,
    "content": "123",
    "created_at": "2024-11-26T07:51:52.642Z"
  }
},
{
  "model": "accounts.user",
  "pk": 1,
  "fields": {
    "password": "pbkdf2_sha256$600000$OVbHEu0plCpBktRWoccXY1$nsTEwb7pwbEdxBHUW2h2x+ke6nEDLXMmO074G3ltMPs=",
    "last_login": "2024-11-26T08:27:45.622Z",
    "is_superuser": false,
    "username": "정민규",
    "first_name": "",
    "last_name": "",
    "is_staff": false,
    "is_active": true,
    "date_joined": "2024-11-26T06:06:07.947Z",
    "nickname": "울어라 지옥참마도",
    "email": "ktfigs@gmail.com",
    "gender": "M",
    "age": 24,
    "style": "투자 초보",
    "login_count": 0,
    "created_at": "2024-11-26T06:06:08.237Z",
    "updated_at": "2024-11-26T06:15:14.356Z",
    "groups": [],
    "user_permissions": []
  }
},
{
  "model": "accounts.user",
  "pk": 2,
  "fields": {
    "password": "pbkdf2_sha256$600000$CNwbWb5egGRSnAd3rWEPTJ$Ftxao2sEzuWFCAiLAhgV3VKZ0fwe/OzkMmiZ+fle1TQ=",
    "last_login": "2024-11-26T06:52:30.172Z",
    "is_superuser": false,
    "username": "임재열",
    "first_name": "",
    "last_name": "",
    "is_staff": false,
    "is_active": true,
    "date_joined": "2024-11-26T06:06:53.845Z",
    "nickname": "연신내 불주먹",
    "email": "dlawoduf15@naver.com",
    "gender": "M",
    "age": 27,
    "style": "고급 투자자",
    "login_count": 0,
    "created_at": "2024-11-26T06:06:54.138Z",
    "updated_at": "2024-11-26T06:10:10.960Z",
    "groups": [],
    "user_permissions": []
  }
},
{
  "model": "accounts.user",
  "pk": 3,
  "fields": {
    "password": "pbkdf2_sha256$600000$epTsHvg1QjD18UXe9EhdrX$ubBiOqJyXFDosC+wO7K1YkO33inHgDaWFT/zw+L+6I0=",
    "last_login": "2024-11-26T08:22:28.281Z",
    "is_superuser": false,
    "username": "김명원",
    "first_name": "",
    "last_name": "",
    "is_staff": false,
    "is_active": true,
    "date_joined": "2024-11-26T06:17:34.190Z",
    "nickname": "나루토",
    "email": "ktfig@gmail.com",
    "gender": "M",
    "age": 25,
    "style": null,
    "login_count": 0,
    "created_at": "2024-11-26T06:17:34.482Z",
    "updated_at": "2024-11-26T06:17:34.505Z",
    "groups": [],
    "user_permissions": []
  }
},
{
  "model": "surveys.answer",
  "pk": 1,
  "fields": {
    "user": 2,
    "tendency": 29
  }
},
{
  "model": "surveys.answer",
  "pk": 2,
  "fields": {
    "user": 1,
    "tendency": 0
  }
},
{
  "model": "moneys.depositproduct",
  "pk": 1,
  "fields": {
    "dcls_month": "202411",
    "fin_co_no": "0010001",
    "kor_co_nm": "우리은행",
    "fin_prdt_cd": "WR0001B",
    "fin_prdt_nm": "WON플러스예금",
    "join_way": "인터넷,스마트폰,전화(텔레뱅킹)",
    "mtrt_int": "만기 후\n- 1개월이내 : 만기시점약정이율×50%\n- 1개월초과 6개월이내: 만기시점약정이율×30%\n- 6개월초과 : 만기시점약정이율×20%\n\n※ 만기시점 약정이율 : 일반정기예금 금리",
    "spcl_cnd": "해당사항 없음",
    "join_deny": 1,
    "join_member": "실명의 개인",
    "etc_note": "- 가입기간: 1~36개월\n- 최소가입금액: 1만원 이상\n- 만기일을 일,월 단위로 자유롭게 선택 가능\n- 만기해지 시 신규일 당시 영업점과 인터넷 홈페이지에 고시된 계약기간별 금리 적용",
    "max_limit": "없음",
    "dcls_strt_day": "20241120",
    "dcls_end_day": "없음",
    "fin_co_subm_day": "202411201103"
  }
},
{
  "model": "moneys.depositproduct",
  "pk": 2,
  "fields": {
    "dcls_month": "202411",
    "fin_co_no": "0010002",
    "kor_co_nm": "한국스탠다드차타드은행",
    "fin_prdt_cd": "00320342",
    "fin_prdt_nm": "e-그린세이브예금",
    "join_way": "인터넷,스마트폰",
    "mtrt_int": "만기 후 1개월: 약정이율의 50%\n만기 후 1개월 초과 1년 이내: 약정이율의 30%\n만기 후 1년 초과: 약정이율의 10%",
    "spcl_cnd": "1.SC제일은행 최초 거래 신규고객에 대하여 우대 이율을 제공함 (보너스이율0.2%)                     2.SC제일마이백통장에서 출금하여 이 예금을 신규하는경우에 보너스이율을 제공함\n(가입기간:1년제/ 보너스이율:0.1% / 만기해약하는 경우에 한해 보너스이율을 적용함)",
    "join_deny": 1,
    "join_member": "개인(개인사업자 포함)",
    "etc_note": "디지털채널 전용상품 (인터넷, 모바일뱅킹)",
    "max_limit": "1000000000",
    "dcls_strt_day": "20241120",
    "dcls_end_day": "99991231",
    "fin_co_subm_day": "202411201509"
  }
},
{
  "model": "moneys.depositproduct",
  "pk": 3,
  "fields": {
    "dcls_month": "202411",
    "fin_co_no": "0010016",
    "kor_co_nm": "아이엠뱅크",
    "fin_prdt_cd": "10511008000996000",
    "fin_prdt_nm": "iM주거래우대예금(첫만남고객형)",
    "join_way": "영업점,인터넷,스마트폰",
    "mtrt_int": "만기 후 1개월 미만 경과 : 약정이자율 x 50%\n만기 후 3개월 미만 경과 : 약정이자율 x 25% \n만기 후 3개월 이상 경과 : 약정이자율 x 10%",
    "spcl_cnd": "* 최고우대금리 : 연0.65%p              \n - 목돈굴리기예금 최초 가입시 : 연0.20%p\n - 상품 가입 전 최근 1개월 이내 신용(체크)카드 신규 발급 : 연0.20%p\n - 상품 가입 전 최근 1개월 이내 인터넷.폰.모바일앱뱅킹 가입 : 연0.20%p\n * 해당 상품을 인터넷/모바일뱅킹을 통해 가입 : 연0.05%p",
    "join_deny": 1,
    "join_member": "실명의 개인",
    "etc_note": "계좌당 가입 최저한도 : 100만원",
    "max_limit": "없음",
    "dcls_strt_day": "20241120",
    "dcls_end_day": "없음",
    "fin_co_subm_day": "202411200924"
  }
},
{
  "model": "moneys.depositproduct",
  "pk": 4,
  "fields": {
    "dcls_month": "202411",
    "fin_co_no": "0010016",
    "kor_co_nm": "아이엠뱅크",
    "fin_prdt_cd": "10511008001004000",
    "fin_prdt_nm": "iM행복파트너예금(일반형)",
    "join_way": "영업점,인터넷,스마트폰",
    "mtrt_int": "만기 후 1개월 미만 경과 : 약정이자율 x 50%\n만기 후 3개월 미만 경과 : 약정이자율 x 25% \n만기 후 3개월 이상 경과 : 약정이자율 x 10%",
    "spcl_cnd": "* 최고우대금리 : 연0.45%p\n- 지난달 당행 통장으로 연금 입금 실적 보유 : 연0.10%p\n- 상품 가입 전 당행 신용(체크)카드 보유 : 연0.10%p\n- 지난 3개월 예금 평잔 30만원 이상 : 연0.10%p\n- iM행복파트너적금 동시 가입 및 만기 보유 : 연0.10%p\n* 해당 상품을 인터넷/모바일뱅킹을 통해 가입 : 연0.05%p",
    "join_deny": 3,
    "join_member": "만50세 이상 실명의 개인",
    "etc_note": "계좌당 가입 최저한도 : 100만원",
    "max_limit": "없음",
    "dcls_strt_day": "20241120",
    "dcls_end_day": "없음",
    "fin_co_subm_day": "202411200924"
  }
},
{
  "model": "moneys.depositproduct",
  "pk": 5,
  "fields": {
    "dcls_month": "202411",
    "fin_co_no": "0010016",
    "kor_co_nm": "아이엠뱅크",
    "fin_prdt_cd": "10511008001166004",
    "fin_prdt_nm": "iM함께예금",
    "join_way": "영업점,인터넷,스마트폰",
    "mtrt_int": "만기 후 1개월 미만 경과 : 약정이자율 x 50%\n만기 후 3개월 미만 경과 : 약정이자율 x 25% \n만기 후 3개월 이상 경과 : 약정이자율 x 10%",
    "spcl_cnd": "*최고우대금리: 연0.45%p\n-전월 총 수신 평잔실적 또는 상품 가입 전 첫만남플러스 통장 보유시 \n-당행 주택청약상품보유 \n-신규일 \"iM함께적금\" 동시 가입 및 만기 보유 \n-당행 오픈뱅킹서비스에 다른 은행 계좌 등록시 \n각 연0.10%p                       \n*해당 상품을 인터넷/모바일뱅킹을 통해 가입 시: 연0.05%p",
    "join_deny": 1,
    "join_member": "실명의 개인 및 개인사업자",
    "etc_note": "계좌당 가입 최저한도 : 100만원",
    "max_limit": "없음",
    "dcls_strt_day": "20241120",
    "dcls_end_day": "없음",
    "fin_co_subm_day": "202411200924"
  }
},
{
  "model": "moneys.depositproduct",
  "pk": 6,
  "fields": {
    "dcls_month": "202411",
    "fin_co_no": "0010016",
    "kor_co_nm": "아이엠뱅크",
    "fin_prdt_cd": "10511008001278000",
    "fin_prdt_nm": "iM스마트예금",
    "join_way": "인터넷,스마트폰",
    "mtrt_int": "만기 후 1개월 미만 경과 : 약정이자율 x 50%\n만기 후 3개월 미만 경과 : 약정이자율 x 25% \n만기 후 3개월 이상 경과 : 약정이자율 x 10%",
    "spcl_cnd": "* 최고우대금리 : 연0.25%p\n- 가입일(재예치일)로부터 3개월 이내 아래 1가지 이상 요건 충족시\n① 당행 주택청약종합저축 보유\n② 당행 신용(체크)카드 결제실적 보유(결제금액 출금기준)\n* 해당 상품을 인터넷/모바일뱅킹을 통해 가입 : 연0.05%p",
    "join_deny": 1,
    "join_member": "실명의 개인",
    "etc_note": "계좌당 가입 최저한도 : 100만원",
    "max_limit": "없음",
    "dcls_strt_day": "20241120",
    "dcls_end_day": "없음",
    "fin_co_subm_day": "202411200924"
  }
},
{
  "model": "moneys.depositproduct",
  "pk": 7,
  "fields": {
    "dcls_month": "202411",
    "fin_co_no": "0010017",
    "kor_co_nm": "부산은행",
    "fin_prdt_cd": "01030500510002",
    "fin_prdt_nm": "LIVE정기예금",
    "join_way": "영업점,인터넷",
    "mtrt_int": "- 만기후1년내: 가입기간별 일반정기예금이율 x 50%,\n- 만기후1년초과:가입기간별 일반정기예금이율 x 20%",
    "spcl_cnd": "*우대이율\n가. 3~5개월 특판우대이율 : 0.75%\n나. 6~11개월 특판 우대이율: 0.65%\n다. 12개월 특판 우대이율 : 0.45%",
    "join_deny": 1,
    "join_member": "제한없음",
    "etc_note": "1. 가입금액 :\n   1천만원 이상\n2. 가입기간 : \n1개월 이상 60개월 이하(일단위)\n3. 월이자지급식/만기일시지급식",
    "max_limit": "없음",
    "dcls_strt_day": "20241120",
    "dcls_end_day": "없음",
    "fin_co_subm_day": "202411201022"
  }
},
{
  "model": "moneys.depositproduct",
  "pk": 8,
  "fields": {
    "dcls_month": "202411",
    "fin_co_no": "0010017",
    "kor_co_nm": "부산은행",
    "fin_prdt_cd": "01030500560002",
    "fin_prdt_nm": "더(The) 특판 정기예금",
    "join_way": "인터넷,스마트폰",
    "mtrt_int": "- 만기후1년내: 가입기간별 일반정기예금이율 x 50%,\n- 만기후1년초과:가입기간별 일반정기예금이율 x 20%",
    "spcl_cnd": "* 우대이율 (최대 0.45%p)\n가. 모바일뱅킹 금융정보 및 혜택알림 동의 우대이율 : 0.10%p\n나. 이벤트 우대이율 : 최대 0.35%p \n1) 더(The) 특판 정기예금 신규고객 우대이율 : 0.20%p\n2) 특판 우대이율 : 0.15%p",
    "join_deny": 1,
    "join_member": "실명의 개인",
    "etc_note": "1. 가입금액 : 1백만원 이상 제한없음 (원단위)\n2. 가입기간 : 1개월, 3개월, 6개월, 1년, 2년, 3년\n3. 이자지급방식 : 만기일시지급식",
    "max_limit": "없음",
    "dcls_strt_day": "20241120",
    "dcls_end_day": "없음",
    "fin_co_subm_day": "202411201022"
  }
},
{
  "model": "moneys.depositproduct",
  "pk": 9,
  "fields": {
    "dcls_month": "202411",
    "fin_co_no": "0010017",
    "kor_co_nm": "부산은행",
    "fin_prdt_cd": "01030500600002",
    "fin_prdt_nm": "더(The) 레벨업 정기예금",
    "join_way": "스마트폰",
    "mtrt_int": "- 만기후1년내: 가입기간별 일반정기예금이율 x 50%,\n- 만기후1년초과:가입기간별 일반정기예금이율 x 20%",
    "spcl_cnd": "*우대이율(최대 0.20%p)\n가. 모바일뱅킹 금융정보 및 혜택알림 동의 우대이율 : 0.10%p\n나. 비대면 정기예금 재예치 우대이율  : 0.10%",
    "join_deny": 1,
    "join_member": "실명의 개인",
    "etc_note": "1. 가입금액 : 1백만원 이상 제한없음 (원단위)\n2. 가입기간 : 6개월, 1년\n3. 이자지급방식 : 만기일시지급식",
    "max_limit": "없음",
    "dcls_strt_day": "20241120",
    "dcls_end_day": "없음",
    "fin_co_subm_day": "202411201022"
  }
},
{
  "model": "moneys.depositproduct",
  "pk": 10,
  "fields": {
    "dcls_month": "202411",
    "fin_co_no": "0010019",
    "kor_co_nm": "광주은행",
    "fin_prdt_cd": "TD11300027000",
    "fin_prdt_nm": "미즈월복리정기예금",
    "join_way": "영업점,인터넷,스마트폰,기타",
    "mtrt_int": "*만기후 1개월 이내: 만기일 당시 최초 가입 기간별 일반정기예금 고시금리의 1/2 \n*만기후 1개월 초과: 0.01%",
    "spcl_cnd": "▶ 최고우대금리 0.2% \n ① 요구불평잔 : 0.2% -300만원이상 0.1%, 500만원이상 0.2%\n ② 신용(체크)카드결제실적 : 0.1% -전월결제금 300만원이상 0.05%, 500만원이상 0.1%",
    "join_deny": 1,
    "join_member": "만18세이상 여성으로 실명의 개인 및 개인사업자",
    "etc_note": "1. 가입기간 : 1년이상 3년제\n2. 가입금액 : 5백만원이상 최고 50백만원",
    "max_limit": "50000000",
    "dcls_strt_day": "20241120",
    "dcls_end_day": "없음",
    "fin_co_subm_day": "202411250836"
  }
},
{
  "model": "moneys.depositproduct",
  "pk": 11,
  "fields": {
    "dcls_month": "202411",
    "fin_co_no": "0010019",
    "kor_co_nm": "광주은행",
    "fin_prdt_cd": "TD11300031000",
    "fin_prdt_nm": "스마트모아Dream정기예금",
    "join_way": "인터넷,스마트폰",
    "mtrt_int": "*만기후 1개월 이내: 만기일 당시 최초 가입 기간별 일반정기예금 고시금리의 1/2 \n*만기후 1개월 초과: 0.01%",
    "spcl_cnd": "▶ 1천만원 이상 가입시 최대 0.2%우대",
    "join_deny": 1,
    "join_member": "개인 및 개인사업자",
    "etc_note": "1. 가입기간 : 1개월이상 3년제\n2. 최소가입금액 : 100만원이상",
    "max_limit": "없음",
    "dcls_strt_day": "20241120",
    "dcls_end_day": "없음",
    "fin_co_subm_day": "202411250835"
  }
},
{
  "model": "moneys.depositproduct",
  "pk": 12,
  "fields": {
    "dcls_month": "202411",
    "fin_co_no": "0010019",
    "kor_co_nm": "광주은행",
    "fin_prdt_cd": "TD11300035000",
    "fin_prdt_nm": "굿스타트예금",
    "join_way": "스마트폰",
    "mtrt_int": "*만기후 1개월 이내: 만기일 당시 최초 가입 기간별 일반정기예금 고시금리의 1/2 \n*만기후 1개월 초과: 0.01%",
    "spcl_cnd": "▶ 최고우대금리 0.5% \n ① 첫예금거래 : 0.4% -최근1년동안 정기예금 계좌 신규 또는 해지이력이 없는경우\n ② 개인(신용)정보 수집이용동의 : 0.1% -만기일전일까지 유지시",
    "join_deny": 1,
    "join_member": "개인 및 개인사업자",
    "etc_note": "1. 가입기간 : 1년제\n2. 가입금액 : 1백만원이상 최고 1억원(1인1계좌)",
    "max_limit": "100000000",
    "dcls_strt_day": "20241120",
    "dcls_end_day": "없음",
    "fin_co_subm_day": "202411250837"
  }
},
{
  "model": "moneys.depositproduct",
  "pk": 13,
  "fields": {
    "dcls_month": "202411",
    "fin_co_no": "0010019",
    "kor_co_nm": "광주은행",
    "fin_prdt_cd": "TD11300036000",
    "fin_prdt_nm": "The플러스예금",
    "join_way": "영업점,스마트폰",
    "mtrt_int": "*만기후 1개월 이내: 만기일 당시 최초 가입 기간별 일반정기예금 고시금리의 1/2 \n*만기후 1개월 초과: 0.01%",
    "spcl_cnd": "▶ 해당사항없음",
    "join_deny": 1,
    "join_member": "개인 및 법인(단,국가 지자체 및 금융기관 제외)",
    "etc_note": "1. 가입기간 : 3개월,6개월,1년제\n2. 가입금액 : 10백만원이상 고객당 10억원한도",
    "max_limit": "1000000000",
    "dcls_strt_day": "20241120",
    "dcls_end_day": "없음",
    "fin_co_subm_day": "202411250837"
  }
},
{
  "model": "moneys.depositproduct",
  "pk": 14,
  "fields": {
    "dcls_month": "202411",
    "fin_co_no": "0010020",
    "kor_co_nm": "제주은행",
    "fin_prdt_cd": "101272000006",
    "fin_prdt_nm": "제주Dream\n정기예금\n(개인/만기\n지급식)",
    "join_way": "영업점,인터넷,스마트폰",
    "mtrt_int": "- 만기후 1개월 이내 : (일반)정기예금 기본이자율의 50%\n(단, 최저금리 0.1%)\n- 만기후 1개월 초과 3개월 이내 : (일반)정기예금 기본이자율의 25%\n(단, 최저금리 0.1%)\n- 만기후 3개월 초과 : 0.1%",
    "spcl_cnd": "최고 연 0.1%p(항목별 0.1%p)\n①급여이체\n②적립식예금 잔액 10만원 이상 보유\n③탑스, 주거래 고객\n④결제계좌(가맹점) 전월 입금액 10만원 이상 \n⑤비과세종합저축 대상 고객\n⑥다자녀(3인이상 자녀)가정\n⑦탐나는 J연금통장 가입고객\n⑧국민연금안심통장 가입고객\n⑨공무원연금안심통장 가입고객",
    "join_deny": 1,
    "join_member": "제한없음",
    "etc_note": "가입금액 : 1백만원 이상",
    "max_limit": "없음",
    "dcls_strt_day": "20241120",
    "dcls_end_day": "없음",
    "fin_co_subm_day": "202411201111"
  }
},
{
  "model": "moneys.depositproduct",
  "pk": 15,
  "fields": {
    "dcls_month": "202411",
    "fin_co_no": "0010020",
    "kor_co_nm": "제주은행",
    "fin_prdt_cd": "101272000057",
    "fin_prdt_nm": "J정기예금\n(만기지급식)",
    "join_way": "영업점,인터넷,스마트폰",
    "mtrt_int": "- 만기후 1개월 이내 : (일반)정기예금 기본이자율의 50%\n(단, 최저금리 0.1%)\n- 만기후 1개월 초과 3개월 이내 : (일반)정기예금 기본이자율의 25%\n(단, 최저금리 0.1%)\n- 만기후 3개월 초과 : 0.1%",
    "spcl_cnd": "- 아래의 우대요건 충족시 최고 0.5%p 추가 우대 \n①비대면 채널 가입시 0.3%제공(신규시제공)  \n(단, 이벤트시 디지털 채널에 고시한 우대금리를 추가 적용할 수 있음)\n②신규일로부터 만기달 제외한 계약기간의 1/2이상 매월 Jbank로그인 시 0.2%제공(만기시제공)",
    "join_deny": 1,
    "join_member": "실명의 \n개인 및 \n개인사업자",
    "etc_note": "가입금액 : 30만원 이상",
    "max_limit": "없음",
    "dcls_strt_day": "20241120",
    "dcls_end_day": "없음",
    "fin_co_subm_day": "202411201111"
  }
},
{
  "model": "moneys.depositproduct",
  "pk": 16,
  "fields": {
    "dcls_month": "202411",
    "fin_co_no": "0010020",
    "kor_co_nm": "제주은행",
    "fin_prdt_cd": "101272000058",
    "fin_prdt_nm": "스마일드림 \n정기예금\n(개인/선이자\n지급식)",
    "join_way": "영업점,인터넷,스마트폰",
    "mtrt_int": "- 만기후 1개월 이내 : (일반)정기예금 기본이자율의 50%\n(단, 최저금리 0.1%)\n- 만기후 1개월 초과 3개월 이내 : (일반)정기예금 기본이자율의 25%\n(단, 최저금리 0.1%)\n- 만기후 3개월 초과 : 0.1%",
    "spcl_cnd": "-아래의 우대요건 충족시 최고0.3% 추가우대(신규시제공)\n①김만덕나눔적금 보유 또는 김만적 나눔적금 만기 해지고객 0.2%우대(가입시제공)\n②예금가입시 탐나는전 체크카드 보유고객 0.1%우대(가입시제공)\n(단, 이벤트시 영업점,디지털채널에 고시한 우대금리를 추가 적용할 수 있음)",
    "join_deny": 1,
    "join_member": "실명의\n개인 및 \n개인사업자",
    "etc_note": "가입금액 : 1백만원 이상",
    "max_limit": "없음",
    "dcls_strt_day": "20241030",
    "dcls_end_day": "없음",
    "fin_co_subm_day": "202411201259"
  }
},
{
  "model": "moneys.depositproduct",
  "pk": 17,
  "fields": {
    "dcls_month": "202411",
    "fin_co_no": "0010022",
    "kor_co_nm": "전북은행",
    "fin_prdt_cd": "10-01-20-024-0046-0000",
    "fin_prdt_nm": "JB 다이렉트예금통장\n(만기일시지급식)",
    "join_way": "인터넷,스마트폰",
    "mtrt_int": "만기후 1개월 이하 : 만기일 현재 계약기간별 정기예금 실행이율 1/2\n만기후 1개월 초과 : 연 0.01%",
    "spcl_cnd": "우대조건\n없음",
    "join_deny": 1,
    "join_member": "실명의 개인(임의단체 제외",
    "etc_note": "가입금액 1계좌당 1백만원이상 10억원이하,\n1인당  총 10억원 이하,\n인터넷/스마트폰뱅킹 가입상품",
    "max_limit": "1000000000",
    "dcls_strt_day": "20241120",
    "dcls_end_day": "없음",
    "fin_co_subm_day": "202411201628"
  }
},
{
  "model": "moneys.depositproduct",
  "pk": 18,
  "fields": {
    "dcls_month": "202411",
    "fin_co_no": "0010022",
    "kor_co_nm": "전북은행",
    "fin_prdt_cd": "10-01-20-024-0059-0000",
    "fin_prdt_nm": "JB 123 정기예금\n (만기일시지급식)",
    "join_way": "인터넷,스마트폰",
    "mtrt_int": "만기후 1개월 이하 : 만기일 현재 계약기간별 정기예금 실행이율 1/2\n만기후 1개월 초과 : 연 0.01%",
    "spcl_cnd": "자동재예치 우대이율\n1회차 0.1%,\n2회차 0.2%,\n3회차 0.3%\n12개월:첫거래고객\n0.3%, 마케팅동의고객 0.05%(~10/31일까지)단,가입후\n최초 1년동안에 한하여 제공",
    "join_deny": 1,
    "join_member": "실명의 개인 또는 개인사업자 (1인 다계좌 가입 가능함)",
    "etc_note": "예금의 신규 : 인터넷뱅킹, 모바일뱅킹, 모바일웹, BDT\n예금의 해지 : 인터넷뱅킹, 모바일뱅킹, 영업점\n가입금액 최저 1백만원이상 고객별 5억원 이상 (다만 자동재예치시 이자 원가로 인한 5억원 초과는 가능), 계좌수 관계없이 가입가능",
    "max_limit": "500000000",
    "dcls_strt_day": "20241120",
    "dcls_end_day": "없음",
    "fin_co_subm_day": "202411201628"
  }
},
{
  "model": "moneys.depositproduct",
  "pk": 19,
  "fields": {
    "dcls_month": "202411",
    "fin_co_no": "0010024",
    "kor_co_nm": "경남은행",
    "fin_prdt_cd": "21001115",
    "fin_prdt_nm": "BNK더조은정기예금",
    "join_way": "인터넷,스마트폰",
    "mtrt_int": "만기 후 1개월 이내: 일반정기예금 기본이율 Ⅹ50%\n만기 후 1개월 초과: 일반정기예금 기본이율 Ⅹ20%",
    "spcl_cnd": "①가입금액 20백만원 이상인 경우 0.20%\n②이 예금 신규시 금리우대쿠폰 등록할 경우 0.20% \n③ 경남은행 오픈뱅킹 서비스에 가입되어 있는 경우\n(만기시까지 해당서비스 유지하는 경우) 0.10%\n④ 자동재예치 신청 0.05%\n(단 금리우대쿠폰과 중복적용 불가)",
    "join_deny": 1,
    "join_member": "거래대상자는 제한을 두지 아니한다. 다만, 국가 및 지방자치단체는 이 예금을 거래할 수 없다.",
    "etc_note": "1. 이 예금의 계약기간은 3개월 이상 2년 이내 월단위로 한다.\n2. 가입금액은 1인당 최소 100만원 이상 5억원 이하이다.",
    "max_limit": "500000000",
    "dcls_strt_day": "20241120",
    "dcls_end_day": "없음",
    "fin_co_subm_day": "202411201002"
  }
},
{
  "model": "moneys.depositproduct",
  "pk": 20,
  "fields": {
    "dcls_month": "202411",
    "fin_co_no": "0010024",
    "kor_co_nm": "경남은행",
    "fin_prdt_cd": "21001203",
    "fin_prdt_nm": "BNK주거래우대정기예금",
    "join_way": "인터넷,스마트폰",
    "mtrt_int": "만기 후 1개월 이내: 일반정기예금 기본이율 Ⅹ50%\n만기 후 1개월 초과: 일반정기예금 기본이율 Ⅹ20%",
    "spcl_cnd": "①급여,연금,가맹점대금 중 한 종류 입금할 경우 0.10%\n②당행 신용/체크카드 결제실적 보유할 경우 0.10%\n③가입일 기준 6개월이내 당행 정기예금 미보유 신규 고객인 경우 0.10%",
    "join_deny": 1,
    "join_member": "개인 및 개인사업자",
    "etc_note": "1. 이 예금의 계약기간은 6개월, 1년, 2년으로 한다.\n2. 가입좌수 제한없으며 가입금액은 최소 1백만원 이상 최고 5억원 이하이다.",
    "max_limit": "500000000",
    "dcls_strt_day": "20241120",
    "dcls_end_day": "없음",
    "fin_co_subm_day": "202411201002"
  }
},
{
  "model": "moneys.depositproduct",
  "pk": 21,
  "fields": {
    "dcls_month": "202411",
    "fin_co_no": "0010024",
    "kor_co_nm": "경남은행",
    "fin_prdt_cd": "21001266",
    "fin_prdt_nm": "The든든예금",
    "join_way": "인터넷,스마트폰",
    "mtrt_int": "만기 후 1개월 이내: 일반정기예금 기본이율 Ⅹ50%\n만기 후 1개월 초과: 일반정기예금 기본이율 Ⅹ20%",
    "spcl_cnd": "①가입고객 누구나 0.80%\n②신규고객 우대(최근 12개월 신규이력·해지이력 미보유) 0.15%\n    *가입기간 12개월만 적용\n③이벤트금리(비대면금리) 최대 0.35%\n  - The든든예금 전용금리 0.20%\n  - 신규고객 우대(최근 12개월 신규이력·해지이력 미보유) 0.15%\n    *가입기간 3,6개월만 적용",
    "join_deny": 1,
    "join_member": "거래대상자는 제한을 두지 아니한다. 다만, 국가 및 지방자치단체는 이 예금을 거래할 수 없다.",
    "etc_note": "1. 이 예금의 계약기간은 12개월로 한다.\n2. 가입금액은 1인당 최소 100만원 이상 10억원 이하이다.",
    "max_limit": "1000000000",
    "dcls_strt_day": "20241120",
    "dcls_end_day": "없음",
    "fin_co_subm_day": "202411201002"
  }
},
{
  "model": "moneys.depositproduct",
  "pk": 22,
  "fields": {
    "dcls_month": "202411",
    "fin_co_no": "0010026",
    "kor_co_nm": "중소기업은행",
    "fin_prdt_cd": "01211310121",
    "fin_prdt_nm": "IBK평생한가족통장(실세금리정기예금)",
    "join_way": "영업점,인터넷,스마트폰",
    "mtrt_int": "만기일 당시 정기예금 만기후 이자율 적용 -1개월 이내: 만기일 당시 계약기간별 고시금리×50% -1월 초과 6개월 이내: 만기일 당시 계약기간별 고시금리×30% -6개월 초과: 만기일 당시 계약기간별 고시금리×20%",
    "spcl_cnd": "최고 연 0.20%p\n\n-고객별 우대 : 최고 연 0.05%p\n 1. 최초신규고객 : 연 0.05%p\n 2. 재예치고객 : 연 0.05%p\n 3. 장기거래고객 : 연 0.05%p\n\n-주거래우대 : 연 0.15%p",
    "join_deny": 1,
    "join_member": "실명의 개인\n(개인사업자 제외)",
    "etc_note": "계좌 수 제한 없으며, 최소 1백만원 이상 통합한도 1억원 이내 가입 가능",
    "max_limit": "100000000",
    "dcls_strt_day": "20241120",
    "dcls_end_day": "없음",
    "fin_co_subm_day": "202411201030"
  }
},
{
  "model": "moneys.depositproduct",
  "pk": 23,
  "fields": {
    "dcls_month": "202411",
    "fin_co_no": "0010026",
    "kor_co_nm": "중소기업은행",
    "fin_prdt_cd": "01211310130",
    "fin_prdt_nm": "1석7조통장(실세금리정기예금)",
    "join_way": "인터넷,스마트폰",
    "mtrt_int": "만기일 당시 정기예금 만기후 이자율 적용 -1개월 이내: 만기일 당시 계약기간별 고시금리×50% -1월 초과 6개월 이내: 만기일 당시 계약기간별 고시금리×30% -6개월 초과: 만기일 당시 계약기간별 고시금리×20%",
    "spcl_cnd": "없음",
    "join_deny": 1,
    "join_member": "실명의 개인\n(개인사업자 제외)",
    "etc_note": "계좌 수 제한 없으며, 최소 1백만원 이상 납입한도 제한 없음",
    "max_limit": "없음",
    "dcls_strt_day": "20241122",
    "dcls_end_day": "없음",
    "fin_co_subm_day": "202411220910"
  }
},
{
  "model": "moneys.depositproduct",
  "pk": 24,
  "fields": {
    "dcls_month": "202411",
    "fin_co_no": "0010030",
    "kor_co_nm": "한국산업은행",
    "fin_prdt_cd": "06492",
    "fin_prdt_nm": "KDB 정기예금",
    "join_way": "영업점,인터넷,스마트폰",
    "mtrt_int": "* 만기후 1년 이내 : 만기일 현재 고시된 일반 정기예금 해당기간 기본이율의 1/2\n* 만기후 1년 초과 : 만기일 현재 고시된 보통예금 이자율",
    "spcl_cnd": "해당없음",
    "join_deny": 1,
    "join_member": "제한없음",
    "etc_note": "해당없음",
    "max_limit": "없음",
    "dcls_strt_day": "20241120",
    "dcls_end_day": "없음",
    "fin_co_subm_day": "202411200938"
  }
},
{
  "model": "moneys.depositproduct",
  "pk": 25,
  "fields": {
    "dcls_month": "202411",
    "fin_co_no": "0010927",
    "kor_co_nm": "국민은행",
    "fin_prdt_cd": "010300100335",
    "fin_prdt_nm": "KB Star 정기예금",
    "join_way": "인터넷,스마트폰",
    "mtrt_int": "- 1개월 이내 : 기본이율 X 50%\n- 1개월 초과  ~ 3개월 이내 : 기본이율 X 30%\n- 3개월 초과 : 0.1%",
    "spcl_cnd": "해당무",
    "join_deny": 1,
    "join_member": "실명의 개인 또는 개인사업자",
    "etc_note": "- 가입금액 : 1백만원 이상",
    "max_limit": "없음",
    "dcls_strt_day": "20241120",
    "dcls_end_day": "없음",
    "fin_co_subm_day": "202411201057"
  }
},
{
  "model": "moneys.depositproduct",
  "pk": 26,
  "fields": {
    "dcls_month": "202411",
    "fin_co_no": "0011625",
    "kor_co_nm": "신한은행",
    "fin_prdt_cd": "200-0134-16",
    "fin_prdt_nm": "신한My플러스 정기예금",
    "join_way": "영업점,스마트폰",
    "mtrt_int": "-1개월 이하: (일반) 정기예금 기본금리 1/2\n(단, 최저금리 0.10%)\n-1개월 초과~6개월 이하: (일반) 정기예금 기본금리의 1/4\n(단, 최저금리 0.10%)\n-6개월 초과:  0.11%",
    "spcl_cnd": "※가산금리 최고 연 0.2%\n- 정기예금 미보유 : 연 0.1%\n- 소득이체 : 연 0.1%",
    "join_deny": 1,
    "join_member": "개인고객",
    "etc_note": "1. 가입한도 :\n 50만원 이상 1억원 이내",
    "max_limit": "없음",
    "dcls_strt_day": "20241108",
    "dcls_end_day": "없음",
    "fin_co_subm_day": "202411200924"
  }
},
{
  "model": "moneys.depositproduct",
  "pk": 27,
  "fields": {
    "dcls_month": "202411",
    "fin_co_no": "0011625",
    "kor_co_nm": "신한은행",
    "fin_prdt_cd": "200-0135-12",
    "fin_prdt_nm": "쏠편한 정기예금",
    "join_way": "인터넷,스마트폰",
    "mtrt_int": "-1개월 이하: (일반) 정기예금 기본금리 1/2\n(단, 최저금리 0.10%)\n-1개월 초과~6개월 이하: (일반) 정기예금 기본금리의 1/4\n(단, 최저금리 0.10%)\n-6개월 초과:  0.10%",
    "spcl_cnd": "해당사항없음",
    "join_deny": 1,
    "join_member": "만14세이상 개인고객",
    "etc_note": "1. 가입한도 :\n 1만원 이상",
    "max_limit": "없음",
    "dcls_strt_day": "20241120",
    "dcls_end_day": "없음",
    "fin_co_subm_day": "202411200924"
  }
},
{
  "model": "moneys.depositproduct",
  "pk": 28,
  "fields": {
    "dcls_month": "202411",
    "fin_co_no": "0013175",
    "kor_co_nm": "농협은행주식회사",
    "fin_prdt_cd": "10-003-1225-0001",
    "fin_prdt_nm": "NH왈츠회전예금 II",
    "join_way": "영업점,인터넷,스마트폰",
    "mtrt_int": "만기 후 3개월 : 기본금리의 50%\n만기 후 6개월 : 기본금리의 20%\n만기 후 6개월 초과 : 기본금리의 10%\n\n* 기본금리 : 만기시점의 일반정기예금 계약기간별 금리",
    "spcl_cnd": "1. 급여이체실적(50만원 이상)이 있는 경우 : 0.1%p\n2. 트리플 회전 우대이율 :  4회전기간부터 0.1%p",
    "join_deny": 1,
    "join_member": "개인",
    "etc_note": "※ 기본금리 및 최고 우대금리 항목은 가입기간이 아닌 ‘회전주기’기간별 금리를 공시\n - 회전주기는 1개월 이상 12개월 이내 월단위로 선택 가능\n※ 전월취급평균금리는 본 홈페이지에 공시되지 않는 회전기간 6개월 미만의 계좌들도 포함하여 산출하기 때문에 회전기간별로 공시된 기본금리보다 낮게 보여질 수 있음",
    "max_limit": "없음",
    "dcls_strt_day": "20241125",
    "dcls_end_day": "없음",
    "fin_co_subm_day": "202411251042"
  }
},
{
  "model": "moneys.depositproduct",
  "pk": 29,
  "fields": {
    "dcls_month": "202411",
    "fin_co_no": "0013175",
    "kor_co_nm": "농협은행주식회사",
    "fin_prdt_cd": "10-003-1381-0001",
    "fin_prdt_nm": "NH내가Green초록세상예금",
    "join_way": "영업점,인터넷,스마트폰",
    "mtrt_int": "만기 후 3개월 : 기본금리의 50%\n만기 후 6개월 : 기본금리의 20%\n만기 후  6개월 초과 : 기본금리의 10%\n\n* 기본금리 : 만기시점의 일반정기예금 계약기간별 금리",
    "spcl_cnd": "※ 우대금리 최대한도 : 0.4%p(연%, 세전)\n1. 온실가스 줄이기 실천서약서 동의 : 0.1%p\n2. 통장미발급 : 0.1%p\n3. 손하나로인증 서비스 등록 : 0.1%p\n4. NH내가Green초록세상적금 동시 보유 : 0.1%p",
    "join_deny": 1,
    "join_member": "개인",
    "etc_note": "1. 300만원이상 가입\n2. 온실가스 줄이기 실천서약서 동의시 가입가능\n3. 신규가입 계좌당 2천원씩 녹색환경기금 적립\n※ 자세한 사항은 상품설명서 참조",
    "max_limit": "없음",
    "dcls_strt_day": "20241125",
    "dcls_end_day": "없음",
    "fin_co_subm_day": "202411251042"
  }
},
{
  "model": "moneys.depositproduct",
  "pk": 30,
  "fields": {
    "dcls_month": "202411",
    "fin_co_no": "0013175",
    "kor_co_nm": "농협은행주식회사",
    "fin_prdt_cd": "10-003-1384-0001",
    "fin_prdt_nm": "NH올원e예금",
    "join_way": "인터넷,스마트폰",
    "mtrt_int": "만기 후 3개월 : 기본금리의 50%\n만기 후 6개월 : 기본금리의 20%\n만기 후  6개월 초과 : 기본금리의 10%\n\n* 기본금리 : 만기시점의 큰만족실세예금 계약기간별 금리",
    "spcl_cnd": "없음",
    "join_deny": 1,
    "join_member": "개인",
    "etc_note": "1. 10만원 이상 10억원 이내 가입",
    "max_limit": "1000000000",
    "dcls_strt_day": "20241125",
    "dcls_end_day": "없음",
    "fin_co_subm_day": "202411251042"
  }
},
{
  "model": "moneys.depositproduct",
  "pk": 31,
  "fields": {
    "dcls_month": "202411",
    "fin_co_no": "0013175",
    "kor_co_nm": "농협은행주식회사",
    "fin_prdt_cd": "10-003-1387-0001",
    "fin_prdt_nm": "NH고향사랑기부예금",
    "join_way": "영업점,인터넷,스마트폰",
    "mtrt_int": "만기 후 3개월 : 기본금리의 50%\n만기 후 6개월 : 기본금리의 20%\n만기 후  6개월 초과 : 기본금리의 10%\n\n* 기본금리 : 만기시점의 큰만족실세예금 계약기간별 금리",
    "spcl_cnd": "1. 고향사랑기부금 납부고객 우대 : 0.5%p\n\n2-1. 만65세 이상 고령자 우대 : 0.1%p\n2-2. 만 19~34세 MZ고객 우대 : 0.1%p\n\n3. NH채움카드 또는 [zgm고향으로카드] 이용실적 우대 : 0.1%p\n \n4. 고향사랑 특별금리 : 0.1%p (금리시장상황에 따라 변동 가능)\n - 고향사랑 특별금리는 상품 가입고객 모두에게 적용",
    "join_deny": 1,
    "join_member": "개인",
    "etc_note": "1. 100만원 이상 가입\n2. 고향사랑기부금 우대금리는 농협은행/농축협 영업점 또는 고향사랑e음 홈페이지를 통한 고향사랑기부금 납부실적이 확인되는 경우 제공\n3. 연간 판매액의 0.1% 공익기금 적립\n\n※ 우대조건 관련 자세한 사항은 상품설명서 참조",
    "max_limit": "없음",
    "dcls_strt_day": "20241125",
    "dcls_end_day": "없음",
    "fin_co_subm_day": "202411251042"
  }
},
{
  "model": "moneys.depositproduct",
  "pk": 32,
  "fields": {
    "dcls_month": "202411",
    "fin_co_no": "0013909",
    "kor_co_nm": "하나은행",
    "fin_prdt_cd": "4",
    "fin_prdt_nm": "하나의정기예금",
    "join_way": "스마트폰",
    "mtrt_int": "1개월이내 : 지급당시 해당기간 일반정기예금 월이자지급식 기본금리 1/2\n1개월초과 : 지급당시 해당기간 일반정기예금 월이자지급식 기본금리 1/4",
    "spcl_cnd": "해당사항없음",
    "join_deny": 1,
    "join_member": "실명의 개인 또는 개인사업자",
    "etc_note": "1. 가입금액: 1백만원이상\n2. 1인 최대가입한도 : 제한 없음",
    "max_limit": "없음",
    "dcls_strt_day": "20241120",
    "dcls_end_day": "없음",
    "fin_co_subm_day": "202411200907"
  }
},
{
  "model": "moneys.depositproduct",
  "pk": 33,
  "fields": {
    "dcls_month": "202411",
    "fin_co_no": "0014674",
    "kor_co_nm": "주식회사 케이뱅크",
    "fin_prdt_cd": "01013000110000000001",
    "fin_prdt_nm": "코드K 정기예금",
    "join_way": "스마트폰",
    "mtrt_int": "만기 후 \n- 1개월 이내 : 만기시점 기본금리 X 50%\n- 1개월 초과~6개월 이내 : 만기시점 기본금리 X 30%\n- 6개월 초과 : 연 0.20%",
    "spcl_cnd": "우대조건 없음",
    "join_deny": 1,
    "join_member": "만 17세 이상 실명의 개인 및 개인사업자",
    "etc_note": "가입금액 : 1백만원 이상\n가입기간 : 1개월~36개월",
    "max_limit": "없음",
    "dcls_strt_day": "20241120",
    "dcls_end_day": "없음",
    "fin_co_subm_day": "202411200956"
  }
},
{
  "model": "moneys.depositproduct",
  "pk": 34,
  "fields": {
    "dcls_month": "202411",
    "fin_co_no": "0014807",
    "kor_co_nm": "수협은행",
    "fin_prdt_cd": "10120110400011",
    "fin_prdt_nm": "Sh평생주거래우대예금\n(만기일시지급식)",
    "join_way": "영업점",
    "mtrt_int": "* 만기후 1년 이내\n - 만기당시 일반정기예금(월이자지급식) 계약기간별 기본금리 1/2\n* 만기후 1년 초과\n - 만기당시 보통예금 기본금리",
    "spcl_cnd": "* 최대우대금리 : 0.4%\n1. 거래고객우대금리 : 최대0.1% (신규시) \n -최초예적금고객/재예치/장기거래 각 0.05% \n2. 거래실적우대금리 : 최대0.3% (만기시)\n -급여,연금이체등/수협카드결제/공과금이체등 각0.1%\n※단위:연%p",
    "join_deny": 1,
    "join_member": "실명의 개인",
    "etc_note": "- 1인 1계좌\n- 최저 100만원 이상",
    "max_limit": "없음",
    "dcls_strt_day": "20241120",
    "dcls_end_day": "99991231",
    "fin_co_subm_day": "202411201044"
  }
},
{
  "model": "moneys.depositproduct",
  "pk": 35,
  "fields": {
    "dcls_month": "202411",
    "fin_co_no": "0014807",
    "kor_co_nm": "수협은행",
    "fin_prdt_cd": "10120114300011",
    "fin_prdt_nm": "Sh해양플라스틱Zero!예금\n(만기일시지급식)",
    "join_way": "영업점,인터넷,스마트폰",
    "mtrt_int": "* 만기후 \n-1개월 이내: 만기당시 일반정기예금(월이자지급식) 계약기간별 기본금리 1/2\n-1개월초과~3개월 이내: 만기당시 일반정기예금(월이자지급식) 기본금리의 1/4\n- 3개월 초과: 만기당시 보통예금 기본금리",
    "spcl_cnd": "* 최대우대금리:0.35%\n1. 해양플라스틱감축서약 : 0.1% (신규시) \n2. 봉사활동 또는 상품홍보 : 0.15% (만기시) \n3. 입출금통장 최초신규 : 0.1% (만기시)\n4. 자동이체 출금실적 : 0.1% (만기시)\n - 수협신용카드 / 당행 펀드 또는 적금 / 수협체크카드\n※단위:연%p",
    "join_deny": 1,
    "join_member": "실명의 개인",
    "etc_note": "- 1인 다계좌 가능. \n  단,  합산금액 5억원 이내 \n- 최저 100만원 이상",
    "max_limit": "500000000",
    "dcls_strt_day": "20241120",
    "dcls_end_day": "99991231",
    "fin_co_subm_day": "202411201044"
  }
},
{
  "model": "moneys.depositproduct",
  "pk": 36,
  "fields": {
    "dcls_month": "202411",
    "fin_co_no": "0014807",
    "kor_co_nm": "수협은행",
    "fin_prdt_cd": "10120114700011",
    "fin_prdt_nm": "헤이(Hey)정기예금",
    "join_way": "인터넷,스마트폰",
    "mtrt_int": "* 만기후 \n-1개월 이내: 만기당시 일반정기예금(월이자지급식) 계약기간별 기본금리 1/2\n-1개월초과~3개월 이내: 만기당시 일반정기예금(월이자지급식) 기본금리의 1/4\n- 3개월 초과: 만기당시 보통예금 기본금리",
    "spcl_cnd": "없음",
    "join_deny": 1,
    "join_member": "실명의 개인",
    "etc_note": "-1인 다계좌 가능.\n 단, 합산금액 최대 10억원 이내\n-최저 10만원 이상",
    "max_limit": "1000000000",
    "dcls_strt_day": "20241120",
    "dcls_end_day": "99991231",
    "fin_co_subm_day": "202411201044"
  }
},
{
  "model": "moneys.depositproduct",
  "pk": 37,
  "fields": {
    "dcls_month": "202411",
    "fin_co_no": "0014807",
    "kor_co_nm": "수협은행",
    "fin_prdt_cd": "10120116100011",
    "fin_prdt_nm": "Sh첫만남우대예금",
    "join_way": "인터넷,스마트폰",
    "mtrt_int": "* 만기후 1년 이내\n - 만기당시 일반정기예금(월이자지급식 기준) 계약기간별 기본금리 1/2\n* 만기후 1년 초과\n - 만기당시 보통예금 기본금리",
    "spcl_cnd": "* 최대우대금리:1.05%\n1. 첫거래우대 : 1.0% (신규시) \n  - 최근 1년간 수협은행 예적금 활동계좌 미보유 고객포함\n2. 마케팅전체동의 : 0.05%(신규시) \n3. 스마트폰뱅킹의 상품알리기 : 0.80%(만기시)\n※단위:연%p",
    "join_deny": 1,
    "join_member": "실명의 개인",
    "etc_note": "-1인 1계좌\n-최저 100만원 이상",
    "max_limit": "10000000",
    "dcls_strt_day": "20241120",
    "dcls_end_day": "99991231",
    "fin_co_subm_day": "202411201044"
  }
},
{
  "model": "moneys.depositproduct",
  "pk": 38,
  "fields": {
    "dcls_month": "202411",
    "fin_co_no": "0015130",
    "kor_co_nm": "주식회사 카카오뱅크",
    "fin_prdt_cd": "10-01-20-388-0002",
    "fin_prdt_nm": "카카오뱅크 정기예금",
    "join_way": "스마트폰",
    "mtrt_int": "- 만기 후 1개월 이내 : 가입(또는 자동연장)시점 기본금리x50%\n- 만기 후 1개월초과 3개월 이내 : 가입(또는 자동연장)시점 기본금리x30%\n- 만기 후 3개월 초과 : 0.20%",
    "spcl_cnd": "※복잡한 우대조건 없이 가입가능한 정기예금",
    "join_deny": 1,
    "join_member": "만 17세 이상의 실명의 개인",
    "etc_note": "1. 가입방법 : 스마트폰\n2. 가입금액 : 100만원 이상(원단위)\n3. 가입기간 : 1개월 이상 ~ 36개월 이하(월, 일단위 지정 가능)",
    "max_limit": "없음",
    "dcls_strt_day": "20241120",
    "dcls_end_day": "없음",
    "fin_co_subm_day": "202411201121"
  }
},
{
  "model": "moneys.depositproduct",
  "pk": 39,
  "fields": {
    "dcls_month": "202411",
    "fin_co_no": "0017801",
    "kor_co_nm": "토스뱅크 주식회사",
    "fin_prdt_cd": "1001202000002",
    "fin_prdt_nm": "토스뱅크 먼저 이자 받는 정기예금",
    "join_way": "스마트폰",
    "mtrt_int": "· 만기 후 1개월 이내 : 만기시점 기본금리 X 50% \n· 만기 후 1개월 초과 3개월 이내 : 만기시점 기본금리 X 20% \n· 만기 후 3개월 초과 : 연 0.10%",
    "spcl_cnd": "우대조건 없음",
    "join_deny": 1,
    "join_member": "토스뱅크 통장 또는 토스뱅크 서브 통장을 보유한 만 17세 이상 실명의 개인",
    "etc_note": "· 계약기간 : 3개월, 6개월 \n· 가입금액 : 최소 1백만원 최대 10억원",
    "max_limit": "1000000000",
    "dcls_strt_day": "20241120",
    "dcls_end_day": "99991231",
    "fin_co_subm_day": "202411200943"
  }
},
{
  "model": "moneys.depositoption",
  "pk": 1,
  "fields": {
    "product": 1,
    "fin_prdt_cd": "WR0001B",
    "intr_rate_type": "S",
    "intr_rate_type_nm": "단리",
    "save_trm": 1,
    "intr_rate": 3.0,
    "intr_rate2": 3.0
  }
},
{
  "model": "moneys.depositoption",
  "pk": 2,
  "fields": {
    "product": 1,
    "fin_prdt_cd": "WR0001B",
    "intr_rate_type": "S",
    "intr_rate_type_nm": "단리",
    "save_trm": 3,
    "intr_rate": 3.37,
    "intr_rate2": 3.37
  }
},
{
  "model": "moneys.depositoption",
  "pk": 3,
  "fields": {
    "product": 1,
    "fin_prdt_cd": "WR0001B",
    "intr_rate_type": "S",
    "intr_rate_type_nm": "단리",
    "save_trm": 6,
    "intr_rate": 3.42,
    "intr_rate2": 3.42
  }
},
{
  "model": "moneys.depositoption",
  "pk": 4,
  "fields": {
    "product": 1,
    "fin_prdt_cd": "WR0001B",
    "intr_rate_type": "S",
    "intr_rate_type_nm": "단리",
    "save_trm": 12,
    "intr_rate": 3.37,
    "intr_rate2": 3.37
  }
},
{
  "model": "moneys.depositoption",
  "pk": 5,
  "fields": {
    "product": 1,
    "fin_prdt_cd": "WR0001B",
    "intr_rate_type": "S",
    "intr_rate_type_nm": "단리",
    "save_trm": 24,
    "intr_rate": 2.7,
    "intr_rate2": 2.7
  }
},
{
  "model": "moneys.depositoption",
  "pk": 6,
  "fields": {
    "product": 1,
    "fin_prdt_cd": "WR0001B",
    "intr_rate_type": "S",
    "intr_rate_type_nm": "단리",
    "save_trm": 36,
    "intr_rate": 2.7,
    "intr_rate2": 2.7
  }
},
{
  "model": "moneys.depositoption",
  "pk": 7,
  "fields": {
    "product": 2,
    "fin_prdt_cd": "00320342",
    "intr_rate_type": "S",
    "intr_rate_type_nm": "단리",
    "save_trm": 1,
    "intr_rate": 3.0,
    "intr_rate2": 3.2
  }
},
{
  "model": "moneys.depositoption",
  "pk": 8,
  "fields": {
    "product": 2,
    "fin_prdt_cd": "00320342",
    "intr_rate_type": "S",
    "intr_rate_type_nm": "단리",
    "save_trm": 3,
    "intr_rate": 3.4,
    "intr_rate2": 3.6
  }
},
{
  "model": "moneys.depositoption",
  "pk": 9,
  "fields": {
    "product": 2,
    "fin_prdt_cd": "00320342",
    "intr_rate_type": "S",
    "intr_rate_type_nm": "단리",
    "save_trm": 6,
    "intr_rate": 3.35,
    "intr_rate2": 3.55
  }
},
{
  "model": "moneys.depositoption",
  "pk": 10,
  "fields": {
    "product": 2,
    "fin_prdt_cd": "00320342",
    "intr_rate_type": "S",
    "intr_rate_type_nm": "단리",
    "save_trm": 12,
    "intr_rate": 3.1,
    "intr_rate2": 3.4
  }
},
{
  "model": "moneys.depositoption",
  "pk": 11,
  "fields": {
    "product": 3,
    "fin_prdt_cd": "10511008000996000",
    "intr_rate_type": "S",
    "intr_rate_type_nm": "단리",
    "save_trm": 6,
    "intr_rate": 2.22,
    "intr_rate2": 2.87
  }
},
{
  "model": "moneys.depositoption",
  "pk": 12,
  "fields": {
    "product": 3,
    "fin_prdt_cd": "10511008000996000",
    "intr_rate_type": "S",
    "intr_rate_type_nm": "단리",
    "save_trm": 12,
    "intr_rate": 2.91,
    "intr_rate2": 3.56
  }
},
{
  "model": "moneys.depositoption",
  "pk": 13,
  "fields": {
    "product": 3,
    "fin_prdt_cd": "10511008000996000",
    "intr_rate_type": "S",
    "intr_rate_type_nm": "단리",
    "save_trm": 24,
    "intr_rate": 2.78,
    "intr_rate2": 3.43
  }
},
{
  "model": "moneys.depositoption",
  "pk": 14,
  "fields": {
    "product": 3,
    "fin_prdt_cd": "10511008000996000",
    "intr_rate_type": "S",
    "intr_rate_type_nm": "단리",
    "save_trm": 36,
    "intr_rate": 2.8,
    "intr_rate2": 3.45
  }
},
{
  "model": "moneys.depositoption",
  "pk": 15,
  "fields": {
    "product": 4,
    "fin_prdt_cd": "10511008001004000",
    "intr_rate_type": "S",
    "intr_rate_type_nm": "단리",
    "save_trm": 3,
    "intr_rate": 1.82,
    "intr_rate2": 2.27
  }
},
{
  "model": "moneys.depositoption",
  "pk": 16,
  "fields": {
    "product": 4,
    "fin_prdt_cd": "10511008001004000",
    "intr_rate_type": "S",
    "intr_rate_type_nm": "단리",
    "save_trm": 6,
    "intr_rate": 2.32,
    "intr_rate2": 2.77
  }
},
{
  "model": "moneys.depositoption",
  "pk": 17,
  "fields": {
    "product": 4,
    "fin_prdt_cd": "10511008001004000",
    "intr_rate_type": "S",
    "intr_rate_type_nm": "단리",
    "save_trm": 12,
    "intr_rate": 3.01,
    "intr_rate2": 3.46
  }
},
{
  "model": "moneys.depositoption",
  "pk": 18,
  "fields": {
    "product": 4,
    "fin_prdt_cd": "10511008001004000",
    "intr_rate_type": "S",
    "intr_rate_type_nm": "단리",
    "save_trm": 24,
    "intr_rate": 2.88,
    "intr_rate2": 3.33
  }
},
{
  "model": "moneys.depositoption",
  "pk": 19,
  "fields": {
    "product": 4,
    "fin_prdt_cd": "10511008001004000",
    "intr_rate_type": "S",
    "intr_rate_type_nm": "단리",
    "save_trm": 36,
    "intr_rate": 2.9,
    "intr_rate2": 3.35
  }
},
{
  "model": "moneys.depositoption",
  "pk": 20,
  "fields": {
    "product": 5,
    "fin_prdt_cd": "10511008001166004",
    "intr_rate_type": "S",
    "intr_rate_type_nm": "단리",
    "save_trm": 12,
    "intr_rate": 3.05,
    "intr_rate2": 3.5
  }
},
{
  "model": "moneys.depositoption",
  "pk": 21,
  "fields": {
    "product": 6,
    "fin_prdt_cd": "10511008001278000",
    "intr_rate_type": "S",
    "intr_rate_type_nm": "단리",
    "save_trm": 1,
    "intr_rate": 2.1,
    "intr_rate2": 2.15
  }
},
{
  "model": "moneys.depositoption",
  "pk": 22,
  "fields": {
    "product": 6,
    "fin_prdt_cd": "10511008001278000",
    "intr_rate_type": "S",
    "intr_rate_type_nm": "단리",
    "save_trm": 3,
    "intr_rate": 3.3,
    "intr_rate2": 3.35
  }
},
{
  "model": "moneys.depositoption",
  "pk": 23,
  "fields": {
    "product": 6,
    "fin_prdt_cd": "10511008001278000",
    "intr_rate_type": "S",
    "intr_rate_type_nm": "단리",
    "save_trm": 6,
    "intr_rate": 3.15,
    "intr_rate2": 3.4
  }
},
{
  "model": "moneys.depositoption",
  "pk": 24,
  "fields": {
    "product": 6,
    "fin_prdt_cd": "10511008001278000",
    "intr_rate_type": "S",
    "intr_rate_type_nm": "단리",
    "save_trm": 12,
    "intr_rate": 3.1,
    "intr_rate2": 3.35
  }
},
{
  "model": "moneys.depositoption",
  "pk": 25,
  "fields": {
    "product": 6,
    "fin_prdt_cd": "10511008001278000",
    "intr_rate_type": "S",
    "intr_rate_type_nm": "단리",
    "save_trm": 24,
    "intr_rate": 2.88,
    "intr_rate2": 3.13
  }
},
{
  "model": "moneys.depositoption",
  "pk": 26,
  "fields": {
    "product": 6,
    "fin_prdt_cd": "10511008001278000",
    "intr_rate_type": "S",
    "intr_rate_type_nm": "단리",
    "save_trm": 36,
    "intr_rate": 2.9,
    "intr_rate2": 3.15
  }
},
{
  "model": "moneys.depositoption",
  "pk": 27,
  "fields": {
    "product": 7,
    "fin_prdt_cd": "01030500510002",
    "intr_rate_type": "S",
    "intr_rate_type_nm": "단리",
    "save_trm": 1,
    "intr_rate": 2.25,
    "intr_rate2": 2.25
  }
},
{
  "model": "moneys.depositoption",
  "pk": 28,
  "fields": {
    "product": 7,
    "fin_prdt_cd": "01030500510002",
    "intr_rate_type": "S",
    "intr_rate_type_nm": "단리",
    "save_trm": 3,
    "intr_rate": 2.45,
    "intr_rate2": 3.05
  }
},
{
  "model": "moneys.depositoption",
  "pk": 29,
  "fields": {
    "product": 7,
    "fin_prdt_cd": "01030500510002",
    "intr_rate_type": "S",
    "intr_rate_type_nm": "단리",
    "save_trm": 6,
    "intr_rate": 2.55,
    "intr_rate2": 3.05
  }
},
{
  "model": "moneys.depositoption",
  "pk": 30,
  "fields": {
    "product": 7,
    "fin_prdt_cd": "01030500510002",
    "intr_rate_type": "S",
    "intr_rate_type_nm": "단리",
    "save_trm": 12,
    "intr_rate": 2.75,
    "intr_rate2": 3.2
  }
},
{
  "model": "moneys.depositoption",
  "pk": 31,
  "fields": {
    "product": 7,
    "fin_prdt_cd": "01030500510002",
    "intr_rate_type": "S",
    "intr_rate_type_nm": "단리",
    "save_trm": 24,
    "intr_rate": 2.5,
    "intr_rate2": 2.5
  }
},
{
  "model": "moneys.depositoption",
  "pk": 32,
  "fields": {
    "product": 7,
    "fin_prdt_cd": "01030500510002",
    "intr_rate_type": "S",
    "intr_rate_type_nm": "단리",
    "save_trm": 36,
    "intr_rate": 2.5,
    "intr_rate2": 2.5
  }
},
{
  "model": "moneys.depositoption",
  "pk": 33,
  "fields": {
    "product": 8,
    "fin_prdt_cd": "01030500560002",
    "intr_rate_type": "S",
    "intr_rate_type_nm": "단리",
    "save_trm": 1,
    "intr_rate": 2.05,
    "intr_rate2": 2.5
  }
},
{
  "model": "moneys.depositoption",
  "pk": 34,
  "fields": {
    "product": 8,
    "fin_prdt_cd": "01030500560002",
    "intr_rate_type": "S",
    "intr_rate_type_nm": "단리",
    "save_trm": 3,
    "intr_rate": 2.6,
    "intr_rate2": 3.05
  }
},
{
  "model": "moneys.depositoption",
  "pk": 35,
  "fields": {
    "product": 8,
    "fin_prdt_cd": "01030500560002",
    "intr_rate_type": "S",
    "intr_rate_type_nm": "단리",
    "save_trm": 6,
    "intr_rate": 2.85,
    "intr_rate2": 3.3
  }
},
{
  "model": "moneys.depositoption",
  "pk": 36,
  "fields": {
    "product": 8,
    "fin_prdt_cd": "01030500560002",
    "intr_rate_type": "S",
    "intr_rate_type_nm": "단리",
    "save_trm": 12,
    "intr_rate": 3.0,
    "intr_rate2": 3.45
  }
},
{
  "model": "moneys.depositoption",
  "pk": 37,
  "fields": {
    "product": 8,
    "fin_prdt_cd": "01030500560002",
    "intr_rate_type": "S",
    "intr_rate_type_nm": "단리",
    "save_trm": 24,
    "intr_rate": 2.25,
    "intr_rate2": 2.7
  }
},
{
  "model": "moneys.depositoption",
  "pk": 38,
  "fields": {
    "product": 8,
    "fin_prdt_cd": "01030500560002",
    "intr_rate_type": "S",
    "intr_rate_type_nm": "단리",
    "save_trm": 36,
    "intr_rate": 1.95,
    "intr_rate2": 2.4
  }
},
{
  "model": "moneys.depositoption",
  "pk": 39,
  "fields": {
    "product": 9,
    "fin_prdt_cd": "01030500600002",
    "intr_rate_type": "S",
    "intr_rate_type_nm": "단리",
    "save_trm": 6,
    "intr_rate": 2.95,
    "intr_rate2": 3.15
  }
},
{
  "model": "moneys.depositoption",
  "pk": 40,
  "fields": {
    "product": 9,
    "fin_prdt_cd": "01030500600002",
    "intr_rate_type": "S",
    "intr_rate_type_nm": "단리",
    "save_trm": 12,
    "intr_rate": 3.15,
    "intr_rate2": 3.35
  }
},
{
  "model": "moneys.depositoption",
  "pk": 41,
  "fields": {
    "product": 10,
    "fin_prdt_cd": "TD11300027000",
    "intr_rate_type": "M",
    "intr_rate_type_nm": "복리",
    "save_trm": 12,
    "intr_rate": 3.01,
    "intr_rate2": 3.21
  }
},
{
  "model": "moneys.depositoption",
  "pk": 42,
  "fields": {
    "product": 10,
    "fin_prdt_cd": "TD11300027000",
    "intr_rate_type": "M",
    "intr_rate_type_nm": "복리",
    "save_trm": 24,
    "intr_rate": 2.95,
    "intr_rate2": 3.15
  }
},
{
  "model": "moneys.depositoption",
  "pk": 43,
  "fields": {
    "product": 10,
    "fin_prdt_cd": "TD11300027000",
    "intr_rate_type": "M",
    "intr_rate_type_nm": "복리",
    "save_trm": 36,
    "intr_rate": 2.79,
    "intr_rate2": 2.99
  }
},
{
  "model": "moneys.depositoption",
  "pk": 44,
  "fields": {
    "product": 11,
    "fin_prdt_cd": "TD11300031000",
    "intr_rate_type": "S",
    "intr_rate_type_nm": "단리",
    "save_trm": 1,
    "intr_rate": 2.81,
    "intr_rate2": 2.91
  }
},
{
  "model": "moneys.depositoption",
  "pk": 45,
  "fields": {
    "product": 11,
    "fin_prdt_cd": "TD11300031000",
    "intr_rate_type": "S",
    "intr_rate_type_nm": "단리",
    "save_trm": 3,
    "intr_rate": 2.96,
    "intr_rate2": 3.06
  }
},
{
  "model": "moneys.depositoption",
  "pk": 46,
  "fields": {
    "product": 11,
    "fin_prdt_cd": "TD11300031000",
    "intr_rate_type": "S",
    "intr_rate_type_nm": "단리",
    "save_trm": 6,
    "intr_rate": 3.01,
    "intr_rate2": 3.11
  }
},
{
  "model": "moneys.depositoption",
  "pk": 47,
  "fields": {
    "product": 11,
    "fin_prdt_cd": "TD11300031000",
    "intr_rate_type": "S",
    "intr_rate_type_nm": "단리",
    "save_trm": 12,
    "intr_rate": 2.91,
    "intr_rate2": 3.11
  }
},
{
  "model": "moneys.depositoption",
  "pk": 48,
  "fields": {
    "product": 11,
    "fin_prdt_cd": "TD11300031000",
    "intr_rate_type": "S",
    "intr_rate_type_nm": "단리",
    "save_trm": 24,
    "intr_rate": 2.85,
    "intr_rate2": 3.05
  }
},
{
  "model": "moneys.depositoption",
  "pk": 49,
  "fields": {
    "product": 11,
    "fin_prdt_cd": "TD11300031000",
    "intr_rate_type": "S",
    "intr_rate_type_nm": "단리",
    "save_trm": 36,
    "intr_rate": 2.69,
    "intr_rate2": 2.89
  }
},
{
  "model": "moneys.depositoption",
  "pk": 50,
  "fields": {
    "product": 12,
    "fin_prdt_cd": "TD11300035000",
    "intr_rate_type": "S",
    "intr_rate_type_nm": "단리",
    "save_trm": 12,
    "intr_rate": 2.81,
    "intr_rate2": 3.31
  }
},
{
  "model": "moneys.depositoption",
  "pk": 51,
  "fields": {
    "product": 13,
    "fin_prdt_cd": "TD11300036000",
    "intr_rate_type": "S",
    "intr_rate_type_nm": "단리",
    "save_trm": 3,
    "intr_rate": 3.3,
    "intr_rate2": 3.3
  }
},
{
  "model": "moneys.depositoption",
  "pk": 52,
  "fields": {
    "product": 13,
    "fin_prdt_cd": "TD11300036000",
    "intr_rate_type": "S",
    "intr_rate_type_nm": "단리",
    "save_trm": 6,
    "intr_rate": 3.35,
    "intr_rate2": 3.35
  }
},
{
  "model": "moneys.depositoption",
  "pk": 53,
  "fields": {
    "product": 13,
    "fin_prdt_cd": "TD11300036000",
    "intr_rate_type": "S",
    "intr_rate_type_nm": "단리",
    "save_trm": 12,
    "intr_rate": 3.3,
    "intr_rate2": 3.3
  }
},
{
  "model": "moneys.depositoption",
  "pk": 54,
  "fields": {
    "product": 14,
    "fin_prdt_cd": "101272000006",
    "intr_rate_type": "S",
    "intr_rate_type_nm": "단리",
    "save_trm": 1,
    "intr_rate": 2.4,
    "intr_rate2": 2.5
  }
},
{
  "model": "moneys.depositoption",
  "pk": 55,
  "fields": {
    "product": 14,
    "fin_prdt_cd": "101272000006",
    "intr_rate_type": "S",
    "intr_rate_type_nm": "단리",
    "save_trm": 3,
    "intr_rate": 2.5,
    "intr_rate2": 2.6
  }
},
{
  "model": "moneys.depositoption",
  "pk": 56,
  "fields": {
    "product": 14,
    "fin_prdt_cd": "101272000006",
    "intr_rate_type": "S",
    "intr_rate_type_nm": "단리",
    "save_trm": 6,
    "intr_rate": 2.65,
    "intr_rate2": 2.75
  }
},
{
  "model": "moneys.depositoption",
  "pk": 57,
  "fields": {
    "product": 14,
    "fin_prdt_cd": "101272000006",
    "intr_rate_type": "S",
    "intr_rate_type_nm": "단리",
    "save_trm": 12,
    "intr_rate": 2.85,
    "intr_rate2": 2.95
  }
},
{
  "model": "moneys.depositoption",
  "pk": 58,
  "fields": {
    "product": 14,
    "fin_prdt_cd": "101272000006",
    "intr_rate_type": "S",
    "intr_rate_type_nm": "단리",
    "save_trm": 24,
    "intr_rate": 2.95,
    "intr_rate2": 3.05
  }
},
{
  "model": "moneys.depositoption",
  "pk": 59,
  "fields": {
    "product": 14,
    "fin_prdt_cd": "101272000006",
    "intr_rate_type": "S",
    "intr_rate_type_nm": "단리",
    "save_trm": 36,
    "intr_rate": 3.05,
    "intr_rate2": 3.15
  }
},
{
  "model": "moneys.depositoption",
  "pk": 60,
  "fields": {
    "product": 15,
    "fin_prdt_cd": "101272000057",
    "intr_rate_type": "S",
    "intr_rate_type_nm": "단리",
    "save_trm": 1,
    "intr_rate": 1.8,
    "intr_rate2": 2.9
  }
},
{
  "model": "moneys.depositoption",
  "pk": 61,
  "fields": {
    "product": 15,
    "fin_prdt_cd": "101272000057",
    "intr_rate_type": "S",
    "intr_rate_type_nm": "단리",
    "save_trm": 3,
    "intr_rate": 2.1,
    "intr_rate2": 3.0
  }
},
{
  "model": "moneys.depositoption",
  "pk": 62,
  "fields": {
    "product": 15,
    "fin_prdt_cd": "101272000057",
    "intr_rate_type": "S",
    "intr_rate_type_nm": "단리",
    "save_trm": 6,
    "intr_rate": 2.5,
    "intr_rate2": 3.3
  }
},
{
  "model": "moneys.depositoption",
  "pk": 63,
  "fields": {
    "product": 15,
    "fin_prdt_cd": "101272000057",
    "intr_rate_type": "S",
    "intr_rate_type_nm": "단리",
    "save_trm": 12,
    "intr_rate": 2.6,
    "intr_rate2": 3.45
  }
},
{
  "model": "moneys.depositoption",
  "pk": 64,
  "fields": {
    "product": 15,
    "fin_prdt_cd": "101272000057",
    "intr_rate_type": "S",
    "intr_rate_type_nm": "단리",
    "save_trm": 24,
    "intr_rate": 2.5,
    "intr_rate2": 3.3
  }
},
{
  "model": "moneys.depositoption",
  "pk": 65,
  "fields": {
    "product": 15,
    "fin_prdt_cd": "101272000057",
    "intr_rate_type": "S",
    "intr_rate_type_nm": "단리",
    "save_trm": 36,
    "intr_rate": 2.5,
    "intr_rate2": 3.3
  }
},
{
  "model": "moneys.depositoption",
  "pk": 66,
  "fields": {
    "product": 16,
    "fin_prdt_cd": "101272000058",
    "intr_rate_type": "S",
    "intr_rate_type_nm": "단리",
    "save_trm": 3,
    "intr_rate": 2.1,
    "intr_rate2": 2.9
  }
},
{
  "model": "moneys.depositoption",
  "pk": 67,
  "fields": {
    "product": 16,
    "fin_prdt_cd": "101272000058",
    "intr_rate_type": "S",
    "intr_rate_type_nm": "단리",
    "save_trm": 6,
    "intr_rate": 2.25,
    "intr_rate2": 3.1
  }
},
{
  "model": "moneys.depositoption",
  "pk": 68,
  "fields": {
    "product": 16,
    "fin_prdt_cd": "101272000058",
    "intr_rate_type": "S",
    "intr_rate_type_nm": "단리",
    "save_trm": 12,
    "intr_rate": 2.45,
    "intr_rate2": 3.2
  }
},
{
  "model": "moneys.depositoption",
  "pk": 69,
  "fields": {
    "product": 17,
    "fin_prdt_cd": "10-01-20-024-0046-0000",
    "intr_rate_type": "S",
    "intr_rate_type_nm": "단리",
    "save_trm": 3,
    "intr_rate": 3.4,
    "intr_rate2": 3.4
  }
},
{
  "model": "moneys.depositoption",
  "pk": 70,
  "fields": {
    "product": 17,
    "fin_prdt_cd": "10-01-20-024-0046-0000",
    "intr_rate_type": "S",
    "intr_rate_type_nm": "단리",
    "save_trm": 6,
    "intr_rate": 3.5,
    "intr_rate2": 3.5
  }
},
{
  "model": "moneys.depositoption",
  "pk": 71,
  "fields": {
    "product": 17,
    "fin_prdt_cd": "10-01-20-024-0046-0000",
    "intr_rate_type": "S",
    "intr_rate_type_nm": "단리",
    "save_trm": 12,
    "intr_rate": 3.35,
    "intr_rate2": 3.35
  }
},
{
  "model": "moneys.depositoption",
  "pk": 72,
  "fields": {
    "product": 18,
    "fin_prdt_cd": "10-01-20-024-0059-0000",
    "intr_rate_type": "S",
    "intr_rate_type_nm": "단리",
    "save_trm": 12,
    "intr_rate": 3.25,
    "intr_rate2": 3.6
  }
},
{
  "model": "moneys.depositoption",
  "pk": 73,
  "fields": {
    "product": 18,
    "fin_prdt_cd": "10-01-20-024-0059-0000",
    "intr_rate_type": "S",
    "intr_rate_type_nm": "단리",
    "save_trm": 24,
    "intr_rate": null,
    "intr_rate2": 3.35
  }
},
{
  "model": "moneys.depositoption",
  "pk": 74,
  "fields": {
    "product": 18,
    "fin_prdt_cd": "10-01-20-024-0059-0000",
    "intr_rate_type": "S",
    "intr_rate_type_nm": "단리",
    "save_trm": 36,
    "intr_rate": null,
    "intr_rate2": 3.45
  }
},
{
  "model": "moneys.depositoption",
  "pk": 75,
  "fields": {
    "product": 19,
    "fin_prdt_cd": "21001115",
    "intr_rate_type": "S",
    "intr_rate_type_nm": "단리",
    "save_trm": 3,
    "intr_rate": 2.35,
    "intr_rate2": 2.85
  }
},
{
  "model": "moneys.depositoption",
  "pk": 76,
  "fields": {
    "product": 19,
    "fin_prdt_cd": "21001115",
    "intr_rate_type": "S",
    "intr_rate_type_nm": "단리",
    "save_trm": 6,
    "intr_rate": 2.4,
    "intr_rate2": 2.9
  }
},
{
  "model": "moneys.depositoption",
  "pk": 77,
  "fields": {
    "product": 19,
    "fin_prdt_cd": "21001115",
    "intr_rate_type": "S",
    "intr_rate_type_nm": "단리",
    "save_trm": 12,
    "intr_rate": 2.65,
    "intr_rate2": 3.15
  }
},
{
  "model": "moneys.depositoption",
  "pk": 78,
  "fields": {
    "product": 19,
    "fin_prdt_cd": "21001115",
    "intr_rate_type": "S",
    "intr_rate_type_nm": "단리",
    "save_trm": 24,
    "intr_rate": 2.75,
    "intr_rate2": 3.25
  }
},
{
  "model": "moneys.depositoption",
  "pk": 79,
  "fields": {
    "product": 20,
    "fin_prdt_cd": "21001203",
    "intr_rate_type": "S",
    "intr_rate_type_nm": "단리",
    "save_trm": 6,
    "intr_rate": 2.8,
    "intr_rate2": 3.1
  }
},
{
  "model": "moneys.depositoption",
  "pk": 80,
  "fields": {
    "product": 20,
    "fin_prdt_cd": "21001203",
    "intr_rate_type": "S",
    "intr_rate_type_nm": "단리",
    "save_trm": 12,
    "intr_rate": 2.95,
    "intr_rate2": 3.25
  }
},
{
  "model": "moneys.depositoption",
  "pk": 81,
  "fields": {
    "product": 20,
    "fin_prdt_cd": "21001203",
    "intr_rate_type": "S",
    "intr_rate_type_nm": "단리",
    "save_trm": 24,
    "intr_rate": 2.9,
    "intr_rate2": 3.2
  }
},
{
  "model": "moneys.depositoption",
  "pk": 82,
  "fields": {
    "product": 21,
    "fin_prdt_cd": "21001266",
    "intr_rate_type": "S",
    "intr_rate_type_nm": "단리",
    "save_trm": 3,
    "intr_rate": 2.35,
    "intr_rate2": 3.5
  }
},
{
  "model": "moneys.depositoption",
  "pk": 83,
  "fields": {
    "product": 21,
    "fin_prdt_cd": "21001266",
    "intr_rate_type": "S",
    "intr_rate_type_nm": "단리",
    "save_trm": 6,
    "intr_rate": 2.35,
    "intr_rate2": 3.5
  }
},
{
  "model": "moneys.depositoption",
  "pk": 84,
  "fields": {
    "product": 21,
    "fin_prdt_cd": "21001266",
    "intr_rate_type": "S",
    "intr_rate_type_nm": "단리",
    "save_trm": 12,
    "intr_rate": 2.35,
    "intr_rate2": 3.5
  }
},
{
  "model": "moneys.depositoption",
  "pk": 85,
  "fields": {
    "product": 22,
    "fin_prdt_cd": "01211310121",
    "intr_rate_type": "S",
    "intr_rate_type_nm": "단리",
    "save_trm": 12,
    "intr_rate": 2.95,
    "intr_rate2": 3.15
  }
},
{
  "model": "moneys.depositoption",
  "pk": 86,
  "fields": {
    "product": 22,
    "fin_prdt_cd": "01211310121",
    "intr_rate_type": "S",
    "intr_rate_type_nm": "단리",
    "save_trm": 24,
    "intr_rate": 2.9,
    "intr_rate2": 3.1
  }
},
{
  "model": "moneys.depositoption",
  "pk": 87,
  "fields": {
    "product": 22,
    "fin_prdt_cd": "01211310121",
    "intr_rate_type": "S",
    "intr_rate_type_nm": "단리",
    "save_trm": 36,
    "intr_rate": 2.85,
    "intr_rate2": 3.05
  }
},
{
  "model": "moneys.depositoption",
  "pk": 88,
  "fields": {
    "product": 23,
    "fin_prdt_cd": "01211310130",
    "intr_rate_type": "S",
    "intr_rate_type_nm": "단리",
    "save_trm": 6,
    "intr_rate": 3.17,
    "intr_rate2": 3.17
  }
},
{
  "model": "moneys.depositoption",
  "pk": 89,
  "fields": {
    "product": 23,
    "fin_prdt_cd": "01211310130",
    "intr_rate_type": "S",
    "intr_rate_type_nm": "단리",
    "save_trm": 12,
    "intr_rate": 2.99,
    "intr_rate2": 2.99
  }
},
{
  "model": "moneys.depositoption",
  "pk": 90,
  "fields": {
    "product": 23,
    "fin_prdt_cd": "01211310130",
    "intr_rate_type": "S",
    "intr_rate_type_nm": "단리",
    "save_trm": 24,
    "intr_rate": 2.88,
    "intr_rate2": 2.88
  }
},
{
  "model": "moneys.depositoption",
  "pk": 91,
  "fields": {
    "product": 23,
    "fin_prdt_cd": "01211310130",
    "intr_rate_type": "S",
    "intr_rate_type_nm": "단리",
    "save_trm": 36,
    "intr_rate": 2.77,
    "intr_rate2": 2.77
  }
},
{
  "model": "moneys.depositoption",
  "pk": 92,
  "fields": {
    "product": 24,
    "fin_prdt_cd": "06492",
    "intr_rate_type": "S",
    "intr_rate_type_nm": "단리",
    "save_trm": 1,
    "intr_rate": 2.9,
    "intr_rate2": 2.9
  }
},
{
  "model": "moneys.depositoption",
  "pk": 93,
  "fields": {
    "product": 24,
    "fin_prdt_cd": "06492",
    "intr_rate_type": "S",
    "intr_rate_type_nm": "단리",
    "save_trm": 3,
    "intr_rate": 3.0,
    "intr_rate2": 3.0
  }
},
{
  "model": "moneys.depositoption",
  "pk": 94,
  "fields": {
    "product": 24,
    "fin_prdt_cd": "06492",
    "intr_rate_type": "S",
    "intr_rate_type_nm": "단리",
    "save_trm": 6,
    "intr_rate": 3.1,
    "intr_rate2": 3.1
  }
},
{
  "model": "moneys.depositoption",
  "pk": 95,
  "fields": {
    "product": 24,
    "fin_prdt_cd": "06492",
    "intr_rate_type": "S",
    "intr_rate_type_nm": "단리",
    "save_trm": 12,
    "intr_rate": 3.2,
    "intr_rate2": 3.2
  }
},
{
  "model": "moneys.depositoption",
  "pk": 96,
  "fields": {
    "product": 24,
    "fin_prdt_cd": "06492",
    "intr_rate_type": "S",
    "intr_rate_type_nm": "단리",
    "save_trm": 24,
    "intr_rate": 2.85,
    "intr_rate2": 2.85
  }
},
{
  "model": "moneys.depositoption",
  "pk": 97,
  "fields": {
    "product": 24,
    "fin_prdt_cd": "06492",
    "intr_rate_type": "S",
    "intr_rate_type_nm": "단리",
    "save_trm": 36,
    "intr_rate": 2.85,
    "intr_rate2": 2.85
  }
},
{
  "model": "moneys.depositoption",
  "pk": 98,
  "fields": {
    "product": 25,
    "fin_prdt_cd": "010300100335",
    "intr_rate_type": "S",
    "intr_rate_type_nm": "단리",
    "save_trm": 1,
    "intr_rate": 1.8,
    "intr_rate2": 3.0
  }
},
{
  "model": "moneys.depositoption",
  "pk": 99,
  "fields": {
    "product": 25,
    "fin_prdt_cd": "010300100335",
    "intr_rate_type": "S",
    "intr_rate_type_nm": "단리",
    "save_trm": 3,
    "intr_rate": 2.2,
    "intr_rate2": 3.35
  }
},
{
  "model": "moneys.depositoption",
  "pk": 100,
  "fields": {
    "product": 25,
    "fin_prdt_cd": "010300100335",
    "intr_rate_type": "S",
    "intr_rate_type_nm": "단리",
    "save_trm": 6,
    "intr_rate": 2.3,
    "intr_rate2": 3.4
  }
},
{
  "model": "moneys.depositoption",
  "pk": 101,
  "fields": {
    "product": 25,
    "fin_prdt_cd": "010300100335",
    "intr_rate_type": "S",
    "intr_rate_type_nm": "단리",
    "save_trm": 12,
    "intr_rate": 2.5,
    "intr_rate2": 3.35
  }
},
{
  "model": "moneys.depositoption",
  "pk": 102,
  "fields": {
    "product": 25,
    "fin_prdt_cd": "010300100335",
    "intr_rate_type": "S",
    "intr_rate_type_nm": "단리",
    "save_trm": 24,
    "intr_rate": 2.6,
    "intr_rate2": 2.7
  }
},
{
  "model": "moneys.depositoption",
  "pk": 103,
  "fields": {
    "product": 25,
    "fin_prdt_cd": "010300100335",
    "intr_rate_type": "S",
    "intr_rate_type_nm": "단리",
    "save_trm": 36,
    "intr_rate": 2.6,
    "intr_rate2": 2.7
  }
},
{
  "model": "moneys.depositoption",
  "pk": 104,
  "fields": {
    "product": 26,
    "fin_prdt_cd": "200-0134-16",
    "intr_rate_type": "S",
    "intr_rate_type_nm": "단리",
    "save_trm": 1,
    "intr_rate": 2.15,
    "intr_rate2": 3.05
  }
},
{
  "model": "moneys.depositoption",
  "pk": 105,
  "fields": {
    "product": 26,
    "fin_prdt_cd": "200-0134-16",
    "intr_rate_type": "S",
    "intr_rate_type_nm": "단리",
    "save_trm": 3,
    "intr_rate": 2.45,
    "intr_rate2": 3.4
  }
},
{
  "model": "moneys.depositoption",
  "pk": 106,
  "fields": {
    "product": 26,
    "fin_prdt_cd": "200-0134-16",
    "intr_rate_type": "S",
    "intr_rate_type_nm": "단리",
    "save_trm": 6,
    "intr_rate": 2.55,
    "intr_rate2": 3.45
  }
},
{
  "model": "moneys.depositoption",
  "pk": 107,
  "fields": {
    "product": 26,
    "fin_prdt_cd": "200-0134-16",
    "intr_rate_type": "S",
    "intr_rate_type_nm": "단리",
    "save_trm": 12,
    "intr_rate": 2.6,
    "intr_rate2": 3.45
  }
},
{
  "model": "moneys.depositoption",
  "pk": 108,
  "fields": {
    "product": 27,
    "fin_prdt_cd": "200-0135-12",
    "intr_rate_type": "S",
    "intr_rate_type_nm": "단리",
    "save_trm": 1,
    "intr_rate": 2.15,
    "intr_rate2": 3.0
  }
},
{
  "model": "moneys.depositoption",
  "pk": 109,
  "fields": {
    "product": 27,
    "fin_prdt_cd": "200-0135-12",
    "intr_rate_type": "S",
    "intr_rate_type_nm": "단리",
    "save_trm": 3,
    "intr_rate": 2.45,
    "intr_rate2": 3.35
  }
},
{
  "model": "moneys.depositoption",
  "pk": 110,
  "fields": {
    "product": 27,
    "fin_prdt_cd": "200-0135-12",
    "intr_rate_type": "S",
    "intr_rate_type_nm": "단리",
    "save_trm": 6,
    "intr_rate": 2.55,
    "intr_rate2": 3.4
  }
},
{
  "model": "moneys.depositoption",
  "pk": 111,
  "fields": {
    "product": 27,
    "fin_prdt_cd": "200-0135-12",
    "intr_rate_type": "S",
    "intr_rate_type_nm": "단리",
    "save_trm": 12,
    "intr_rate": 2.6,
    "intr_rate2": 3.35
  }
},
{
  "model": "moneys.depositoption",
  "pk": 112,
  "fields": {
    "product": 27,
    "fin_prdt_cd": "200-0135-12",
    "intr_rate_type": "S",
    "intr_rate_type_nm": "단리",
    "save_trm": 24,
    "intr_rate": 2.6,
    "intr_rate2": 2.95
  }
},
{
  "model": "moneys.depositoption",
  "pk": 113,
  "fields": {
    "product": 27,
    "fin_prdt_cd": "200-0135-12",
    "intr_rate_type": "S",
    "intr_rate_type_nm": "단리",
    "save_trm": 36,
    "intr_rate": 2.6,
    "intr_rate2": 2.95
  }
},
{
  "model": "moneys.depositoption",
  "pk": 114,
  "fields": {
    "product": 28,
    "fin_prdt_cd": "10-003-1225-0001",
    "intr_rate_type": "S",
    "intr_rate_type_nm": "단리",
    "save_trm": 1,
    "intr_rate": 2.95,
    "intr_rate2": 3.05
  }
},
{
  "model": "moneys.depositoption",
  "pk": 115,
  "fields": {
    "product": 28,
    "fin_prdt_cd": "10-003-1225-0001",
    "intr_rate_type": "S",
    "intr_rate_type_nm": "단리",
    "save_trm": 3,
    "intr_rate": 3.25,
    "intr_rate2": 3.35
  }
},
{
  "model": "moneys.depositoption",
  "pk": 116,
  "fields": {
    "product": 28,
    "fin_prdt_cd": "10-003-1225-0001",
    "intr_rate_type": "S",
    "intr_rate_type_nm": "단리",
    "save_trm": 6,
    "intr_rate": 3.35,
    "intr_rate2": 3.45
  }
},
{
  "model": "moneys.depositoption",
  "pk": 117,
  "fields": {
    "product": 28,
    "fin_prdt_cd": "10-003-1225-0001",
    "intr_rate_type": "S",
    "intr_rate_type_nm": "단리",
    "save_trm": 12,
    "intr_rate": 3.32,
    "intr_rate2": 3.42
  }
},
{
  "model": "moneys.depositoption",
  "pk": 118,
  "fields": {
    "product": 29,
    "fin_prdt_cd": "10-003-1381-0001",
    "intr_rate_type": "S",
    "intr_rate_type_nm": "단리",
    "save_trm": 12,
    "intr_rate": 2.75,
    "intr_rate2": 3.15
  }
},
{
  "model": "moneys.depositoption",
  "pk": 119,
  "fields": {
    "product": 29,
    "fin_prdt_cd": "10-003-1381-0001",
    "intr_rate_type": "S",
    "intr_rate_type_nm": "단리",
    "save_trm": 24,
    "intr_rate": 2.65,
    "intr_rate2": 3.05
  }
},
{
  "model": "moneys.depositoption",
  "pk": 120,
  "fields": {
    "product": 29,
    "fin_prdt_cd": "10-003-1381-0001",
    "intr_rate_type": "S",
    "intr_rate_type_nm": "단리",
    "save_trm": 36,
    "intr_rate": 2.65,
    "intr_rate2": 3.05
  }
},
{
  "model": "moneys.depositoption",
  "pk": 121,
  "fields": {
    "product": 30,
    "fin_prdt_cd": "10-003-1384-0001",
    "intr_rate_type": "S",
    "intr_rate_type_nm": "단리",
    "save_trm": 1,
    "intr_rate": 3.0,
    "intr_rate2": 3.0
  }
},
{
  "model": "moneys.depositoption",
  "pk": 122,
  "fields": {
    "product": 30,
    "fin_prdt_cd": "10-003-1384-0001",
    "intr_rate_type": "S",
    "intr_rate_type_nm": "단리",
    "save_trm": 3,
    "intr_rate": 3.35,
    "intr_rate2": 3.35
  }
},
{
  "model": "moneys.depositoption",
  "pk": 123,
  "fields": {
    "product": 30,
    "fin_prdt_cd": "10-003-1384-0001",
    "intr_rate_type": "S",
    "intr_rate_type_nm": "단리",
    "save_trm": 6,
    "intr_rate": 3.45,
    "intr_rate2": 3.45
  }
},
{
  "model": "moneys.depositoption",
  "pk": 124,
  "fields": {
    "product": 30,
    "fin_prdt_cd": "10-003-1384-0001",
    "intr_rate_type": "S",
    "intr_rate_type_nm": "단리",
    "save_trm": 12,
    "intr_rate": 3.42,
    "intr_rate2": 3.42
  }
},
{
  "model": "moneys.depositoption",
  "pk": 125,
  "fields": {
    "product": 30,
    "fin_prdt_cd": "10-003-1384-0001",
    "intr_rate_type": "S",
    "intr_rate_type_nm": "단리",
    "save_trm": 24,
    "intr_rate": 3.05,
    "intr_rate2": 3.05
  }
},
{
  "model": "moneys.depositoption",
  "pk": 126,
  "fields": {
    "product": 30,
    "fin_prdt_cd": "10-003-1384-0001",
    "intr_rate_type": "S",
    "intr_rate_type_nm": "단리",
    "save_trm": 36,
    "intr_rate": 3.1,
    "intr_rate2": 3.1
  }
},
{
  "model": "moneys.depositoption",
  "pk": 127,
  "fields": {
    "product": 31,
    "fin_prdt_cd": "10-003-1387-0001",
    "intr_rate_type": "S",
    "intr_rate_type_nm": "단리",
    "save_trm": 12,
    "intr_rate": 2.75,
    "intr_rate2": 3.55
  }
},
{
  "model": "moneys.depositoption",
  "pk": 128,
  "fields": {
    "product": 32,
    "fin_prdt_cd": "4",
    "intr_rate_type": "S",
    "intr_rate_type_nm": "단리",
    "save_trm": 1,
    "intr_rate": 2.0,
    "intr_rate2": 3.0
  }
},
{
  "model": "moneys.depositoption",
  "pk": 129,
  "fields": {
    "product": 32,
    "fin_prdt_cd": "4",
    "intr_rate_type": "S",
    "intr_rate_type_nm": "단리",
    "save_trm": 3,
    "intr_rate": 2.2,
    "intr_rate2": 3.35
  }
},
{
  "model": "moneys.depositoption",
  "pk": 130,
  "fields": {
    "product": 32,
    "fin_prdt_cd": "4",
    "intr_rate_type": "S",
    "intr_rate_type_nm": "단리",
    "save_trm": 6,
    "intr_rate": 2.3,
    "intr_rate2": 3.4
  }
},
{
  "model": "moneys.depositoption",
  "pk": 131,
  "fields": {
    "product": 32,
    "fin_prdt_cd": "4",
    "intr_rate_type": "S",
    "intr_rate_type_nm": "단리",
    "save_trm": 12,
    "intr_rate": 2.6,
    "intr_rate2": 3.35
  }
},
{
  "model": "moneys.depositoption",
  "pk": 132,
  "fields": {
    "product": 32,
    "fin_prdt_cd": "4",
    "intr_rate_type": "S",
    "intr_rate_type_nm": "단리",
    "save_trm": 24,
    "intr_rate": 2.6,
    "intr_rate2": 2.9
  }
},
{
  "model": "moneys.depositoption",
  "pk": 133,
  "fields": {
    "product": 32,
    "fin_prdt_cd": "4",
    "intr_rate_type": "S",
    "intr_rate_type_nm": "단리",
    "save_trm": 36,
    "intr_rate": 2.7,
    "intr_rate2": 2.9
  }
},
{
  "model": "moneys.depositoption",
  "pk": 134,
  "fields": {
    "product": 33,
    "fin_prdt_cd": "01013000110000000001",
    "intr_rate_type": "S",
    "intr_rate_type_nm": "단리",
    "save_trm": 1,
    "intr_rate": 3.0,
    "intr_rate2": 3.0
  }
},
{
  "model": "moneys.depositoption",
  "pk": 135,
  "fields": {
    "product": 33,
    "fin_prdt_cd": "01013000110000000001",
    "intr_rate_type": "S",
    "intr_rate_type_nm": "단리",
    "save_trm": 3,
    "intr_rate": 3.3,
    "intr_rate2": 3.3
  }
},
{
  "model": "moneys.depositoption",
  "pk": 136,
  "fields": {
    "product": 33,
    "fin_prdt_cd": "01013000110000000001",
    "intr_rate_type": "S",
    "intr_rate_type_nm": "단리",
    "save_trm": 6,
    "intr_rate": 3.3,
    "intr_rate2": 3.3
  }
},
{
  "model": "moneys.depositoption",
  "pk": 137,
  "fields": {
    "product": 33,
    "fin_prdt_cd": "01013000110000000001",
    "intr_rate_type": "S",
    "intr_rate_type_nm": "단리",
    "save_trm": 12,
    "intr_rate": 3.2,
    "intr_rate2": 3.2
  }
},
{
  "model": "moneys.depositoption",
  "pk": 138,
  "fields": {
    "product": 33,
    "fin_prdt_cd": "01013000110000000001",
    "intr_rate_type": "S",
    "intr_rate_type_nm": "단리",
    "save_trm": 24,
    "intr_rate": 3.0,
    "intr_rate2": 3.0
  }
},
{
  "model": "moneys.depositoption",
  "pk": 139,
  "fields": {
    "product": 33,
    "fin_prdt_cd": "01013000110000000001",
    "intr_rate_type": "S",
    "intr_rate_type_nm": "단리",
    "save_trm": 36,
    "intr_rate": 3.0,
    "intr_rate2": 3.0
  }
},
{
  "model": "moneys.depositoption",
  "pk": 140,
  "fields": {
    "product": 34,
    "fin_prdt_cd": "10120110400011",
    "intr_rate_type": "S",
    "intr_rate_type_nm": "단리",
    "save_trm": 12,
    "intr_rate": 2.4,
    "intr_rate2": 2.8
  }
},
{
  "model": "moneys.depositoption",
  "pk": 141,
  "fields": {
    "product": 35,
    "fin_prdt_cd": "10120114300011",
    "intr_rate_type": "S",
    "intr_rate_type_nm": "단리",
    "save_trm": 6,
    "intr_rate": 3.05,
    "intr_rate2": 3.4
  }
},
{
  "model": "moneys.depositoption",
  "pk": 142,
  "fields": {
    "product": 35,
    "fin_prdt_cd": "10120114300011",
    "intr_rate_type": "S",
    "intr_rate_type_nm": "단리",
    "save_trm": 12,
    "intr_rate": 3.1,
    "intr_rate2": 3.45
  }
},
{
  "model": "moneys.depositoption",
  "pk": 143,
  "fields": {
    "product": 36,
    "fin_prdt_cd": "10120114700011",
    "intr_rate_type": "S",
    "intr_rate_type_nm": "단리",
    "save_trm": 3,
    "intr_rate": 3.4,
    "intr_rate2": 3.4
  }
},
{
  "model": "moneys.depositoption",
  "pk": 144,
  "fields": {
    "product": 36,
    "fin_prdt_cd": "10120114700011",
    "intr_rate_type": "S",
    "intr_rate_type_nm": "단리",
    "save_trm": 6,
    "intr_rate": 3.42,
    "intr_rate2": 3.42
  }
},
{
  "model": "moneys.depositoption",
  "pk": 145,
  "fields": {
    "product": 36,
    "fin_prdt_cd": "10120114700011",
    "intr_rate_type": "S",
    "intr_rate_type_nm": "단리",
    "save_trm": 12,
    "intr_rate": 3.42,
    "intr_rate2": 3.42
  }
},
{
  "model": "moneys.depositoption",
  "pk": 146,
  "fields": {
    "product": 37,
    "fin_prdt_cd": "10120116100011",
    "intr_rate_type": "S",
    "intr_rate_type_nm": "단리",
    "save_trm": 12,
    "intr_rate": 2.55,
    "intr_rate2": 3.6
  }
},
{
  "model": "moneys.depositoption",
  "pk": 147,
  "fields": {
    "product": 38,
    "fin_prdt_cd": "10-01-20-388-0002",
    "intr_rate_type": "S",
    "intr_rate_type_nm": "단리",
    "save_trm": 1,
    "intr_rate": 2.6,
    "intr_rate2": 2.6
  }
},
{
  "model": "moneys.depositoption",
  "pk": 148,
  "fields": {
    "product": 38,
    "fin_prdt_cd": "10-01-20-388-0002",
    "intr_rate_type": "S",
    "intr_rate_type_nm": "단리",
    "save_trm": 3,
    "intr_rate": 3.1,
    "intr_rate2": 3.1
  }
},
{
  "model": "moneys.depositoption",
  "pk": 149,
  "fields": {
    "product": 38,
    "fin_prdt_cd": "10-01-20-388-0002",
    "intr_rate_type": "S",
    "intr_rate_type_nm": "단리",
    "save_trm": 6,
    "intr_rate": 3.2,
    "intr_rate2": 3.2
  }
},
{
  "model": "moneys.depositoption",
  "pk": 150,
  "fields": {
    "product": 38,
    "fin_prdt_cd": "10-01-20-388-0002",
    "intr_rate_type": "S",
    "intr_rate_type_nm": "단리",
    "save_trm": 12,
    "intr_rate": 3.1,
    "intr_rate2": 3.1
  }
},
{
  "model": "moneys.depositoption",
  "pk": 151,
  "fields": {
    "product": 38,
    "fin_prdt_cd": "10-01-20-388-0002",
    "intr_rate_type": "S",
    "intr_rate_type_nm": "단리",
    "save_trm": 24,
    "intr_rate": 2.8,
    "intr_rate2": 2.8
  }
},
{
  "model": "moneys.depositoption",
  "pk": 152,
  "fields": {
    "product": 38,
    "fin_prdt_cd": "10-01-20-388-0002",
    "intr_rate_type": "S",
    "intr_rate_type_nm": "단리",
    "save_trm": 36,
    "intr_rate": 2.8,
    "intr_rate2": 2.8
  }
},
{
  "model": "moneys.depositoption",
  "pk": 153,
  "fields": {
    "product": 39,
    "fin_prdt_cd": "1001202000002",
    "intr_rate_type": "S",
    "intr_rate_type_nm": "단리",
    "save_trm": 3,
    "intr_rate": 3.0,
    "intr_rate2": 3.0
  }
},
{
  "model": "moneys.depositoption",
  "pk": 154,
  "fields": {
    "product": 39,
    "fin_prdt_cd": "1001202000002",
    "intr_rate_type": "S",
    "intr_rate_type_nm": "단리",
    "save_trm": 6,
    "intr_rate": 3.0,
    "intr_rate2": 3.0
  }
},
{
  "model": "moneys.savingproduct",
  "pk": 1,
  "fields": {
    "dcls_month": "202411",
    "fin_co_no": "0010001",
    "kor_co_nm": "우리은행",
    "fin_prdt_cd": "WR0001F",
    "fin_prdt_nm": "우리SUPER주거래적금",
    "join_way": "영업점,인터넷,스마트폰,전화(텔레뱅킹)",
    "mtrt_int": "만기 후\n- 1개월이내 : 만기시점약정이율×50%\n- 1개월초과 6개월이내: 만기시점약정이율×30%\n- 6개월초과 : 만기시점약정이율×20%\n\n※ 만기시점 약정이율 : 일반정기적금 금리",
    "spcl_cnd": "1. 거래실적 인정기간 동안 우리은행 입출식 계좌에서 아래 각 항목별 실적이 있는 월 수가 계약기간의 1/2이상인 경우\n2. 우리은행 상품서비스 마케팅 동의 항목 중 전화(휴대폰) 및 SMS항목을 모두 동의한 후 만기해지시점까지 유지:연 0.1%p\n3. 이 상품 가입 시 금리우대쿠폰을 적용한 경우",
    "join_deny": 1,
    "join_member": "실명의 개인",
    "etc_note": "1. 가입기간 : 1년/2년/3년\n2. 가입금액 : 월 50만원 이내",
    "max_limit": "없음",
    "dcls_strt_day": "20241120",
    "dcls_end_day": "없음",
    "fin_co_subm_day": "202411201104"
  }
},
{
  "model": "moneys.savingproduct",
  "pk": 2,
  "fields": {
    "dcls_month": "202411",
    "fin_co_no": "0010001",
    "kor_co_nm": "우리은행",
    "fin_prdt_cd": "WR0001L",
    "fin_prdt_nm": "WON적금",
    "join_way": "스마트폰,전화(텔레뱅킹)",
    "mtrt_int": "만기 후\n- 1개월이내 : 만기시점약정이율×50%\n- 1개월초과 6개월이내: 만기시점약정이율×30%\n- 6개월초과 : 만기시점약정이율×20%\n\n※ 만기시점 약정이율 : 일반정기적금 금리",
    "spcl_cnd": "1. 아래 각 항(가, 나)의 조건을 충족하는 경우 합산 최대 연 0.2%p 우대\n가. 이 적금을 우리꿈통장, WON통장에 연결하여 가입하는 경우 : 0.1%p\n나. 우리 오픈뱅킹 서비스에 타행계좌가 등록되어 있는 경우 : 연 0.1%p",
    "join_deny": 1,
    "join_member": "실명의 개인",
    "etc_note": "1. 가입기간 : 1년\n2. 가입금액 : 월 50만원 이내",
    "max_limit": "없음",
    "dcls_strt_day": "20241120",
    "dcls_end_day": "없음",
    "fin_co_subm_day": "202411201104"
  }
},
{
  "model": "moneys.savingproduct",
  "pk": 3,
  "fields": {
    "dcls_month": "202411",
    "fin_co_no": "0010002",
    "kor_co_nm": "한국스탠다드차타드은행",
    "fin_prdt_cd": "00266451",
    "fin_prdt_nm": "퍼스트가계적금",
    "join_way": "영업점,인터넷,스마트폰",
    "mtrt_int": "만기 후 1개월: 약정이율의 50%\n만기 후 1개월 초과 1년 이내: 약정이율의 30%\n만기 후 1년 초과: 약정이율의 10%",
    "spcl_cnd": "없음",
    "join_deny": 1,
    "join_member": "개인(개인사업자 포함)",
    "etc_note": "해당없음",
    "max_limit": "10000000",
    "dcls_strt_day": "20241120",
    "dcls_end_day": "99991231",
    "fin_co_subm_day": "202411201510"
  }
},
{
  "model": "moneys.savingproduct",
  "pk": 4,
  "fields": {
    "dcls_month": "202411",
    "fin_co_no": "0010016",
    "kor_co_nm": "아이엠뱅크",
    "fin_prdt_cd": "10521001000846001",
    "fin_prdt_nm": "내손안에 적금",
    "join_way": "스마트폰",
    "mtrt_int": "만기 후 1개월 미만 경과: 약정이자율 x 50%\n만기 후 3개월 미만 경과: 약정이자율 x 25%\n만기 후 3개월 이상 경과: 약정이자율 x 10%",
    "spcl_cnd": "* 최고우대금리 : 연0.55%p\n - 당행 인터넷/모바일뱅킹을 통하여 최초로 적립식예금 가입 시 : 연0.20%p\n - 상품 가입 전 최근 3개월 이내 당행 인터넷/모바일뱅킹을 통한 이체거래 3회 이상 : 연0.10%p\n- 상품 가입 전 수수료우대 통장 보유 고객 : 연0.20%p\n* 해당 상품을 모바일뱅킹을 통해 가입 : 연0.05%p",
    "join_deny": 1,
    "join_member": "실명의 개인",
    "etc_note": "1계좌당 가입한도 : 월 100만원(최저 10만원 이상)",
    "max_limit": "1000000",
    "dcls_strt_day": "20241120",
    "dcls_end_day": "없음",
    "fin_co_subm_day": "202411200926"
  }
},
{
  "model": "moneys.savingproduct",
  "pk": 5,
  "fields": {
    "dcls_month": "202411",
    "fin_co_no": "0010016",
    "kor_co_nm": "아이엠뱅크",
    "fin_prdt_cd": "10527001000925000",
    "fin_prdt_nm": "영플러스적금",
    "join_way": "영업점,인터넷,스마트폰",
    "mtrt_int": "만기 후 1개월 미만 경과: 약정이자율 x 50%\n만기 후 3개월 미만 경과: 약정이자율 x 25%\n만기 후 3개월 이상 경과: 약정이자율 x 10%",
    "spcl_cnd": "* 최고우대금리 : 연0.55%p\n- 상품 가입 전 영플러스통장 보유 또는 재예치일 기준 영플러스통장 전월 평잔 10만원 이상 : 연0.10%p\n- 예금기간 중 입금횟수 10회 이상 : 연0.10%p\n- 입학 및 졸업 축하금리 : 연0.30%p\n* 해당 상품을 인터넷/모바일뱅킹을 통해 가입 : 연0.05%p",
    "join_deny": 3,
    "join_member": "만 29세 이하 실명의 개인",
    "etc_note": "1계좌당 가입한도 : 월 50만원(최저 1만원 이상)",
    "max_limit": "500000",
    "dcls_strt_day": "20241120",
    "dcls_end_day": "없음",
    "fin_co_subm_day": "202411200926"
  }
},
{
  "model": "moneys.savingproduct",
  "pk": 6,
  "fields": {
    "dcls_month": "202411",
    "fin_co_no": "0010016",
    "kor_co_nm": "아이엠뱅크",
    "fin_prdt_cd": "10527001001272000",
    "fin_prdt_nm": "내가만든 보너스적금",
    "join_way": "영업점,인터넷,스마트폰",
    "mtrt_int": "만기 후 1개월 미만 경과: 약정이자율 x 50%\n만기 후 3개월 미만 경과: 약정이자율 x 25%\n만기 후 3개월 이상 경과: 약정이자율 x 10%",
    "spcl_cnd": "* 최고우대금리: 연0.80%p\n- 인터넷/모바일뱅킹으로 신규: 연0.20%p\n- 상품 가입 전 마케팅활용[개인(신용)정보수집이용동의] 전체 동의: 연0.20%p\n(계약기간 1년인 경우 만기일 기준)\n- 당행 계좌로 자동이체 8회 이상 입금: 연0.20%p\n- 원금합계 100만원 이상: 연0.10%p 또는 원금합계 200만원 이상: 연0.20%p",
    "join_deny": 1,
    "join_member": "실명의 개인",
    "etc_note": "1계좌당 가입한도 : 월20만원\n(최저 1만원 이상)",
    "max_limit": "200000",
    "dcls_strt_day": "20241120",
    "dcls_end_day": "없음",
    "fin_co_subm_day": "202411200926"
  }
},
{
  "model": "moneys.savingproduct",
  "pk": 7,
  "fields": {
    "dcls_month": "202411",
    "fin_co_no": "0010016",
    "kor_co_nm": "아이엠뱅크",
    "fin_prdt_cd": "10527001001278000",
    "fin_prdt_nm": "iM스마트적금",
    "join_way": "인터넷,스마트폰",
    "mtrt_int": "만기 후 1개월 미만 경과: 약정이자율 x 50%\n만기 후 3개월 미만 경과: 약정이자율 x 25%\n만기 후 3개월 이상 경과: 약정이자율 x 10%",
    "spcl_cnd": "* 최고우대금리 : 연0.45%p\n- 가입일로부터 3개월 이내 1가지 이상 요건 충족시 : 연0.20%p\n① 당행 주택청약종합저축 보유\n② 당행 신용(체크)카드 결제실적 보유(결제금액 출금기준)\n- 전체 계약월수 중 1/2이상 당행 계좌에서 자동이체 납입 시 : 연0.20%p\n* 해당 상품을 인터넷/모바일뱅킹을 통해 가입 : 연0.05%p",
    "join_deny": 1,
    "join_member": "실명의 개인",
    "etc_note": "1계좌당 가입한도 : 월 100만원(최저 5만원 이상)",
    "max_limit": "1000000",
    "dcls_strt_day": "20241120",
    "dcls_end_day": "없음",
    "fin_co_subm_day": "202411200926"
  }
},
{
  "model": "moneys.savingproduct",
  "pk": 8,
  "fields": {
    "dcls_month": "202411",
    "fin_co_no": "0010017",
    "kor_co_nm": "부산은행",
    "fin_prdt_cd": "01020400490002",
    "fin_prdt_nm": "펫 적금",
    "join_way": "영업점,스마트폰",
    "mtrt_int": "- 만기후 1년이내:가입기간별 일반정기적금 기본이율 x 50%\n- 만기후 1년초과:가입기간별 일반정기적금 기본이율 x 20%",
    "spcl_cnd": "*우대이율 6개월제 최대 0.55%, 12개월제 최대 0.90%",
    "join_deny": 1,
    "join_member": "실명의 개인고객(1인 1계좌)",
    "etc_note": "1. 가입한도: 월 1만원 이상 50만원 이하 원단위\n2. 정기적립식",
    "max_limit": "500000",
    "dcls_strt_day": "20241120",
    "dcls_end_day": "없음",
    "fin_co_subm_day": "202411201024"
  }
},
{
  "model": "moneys.savingproduct",
  "pk": 9,
  "fields": {
    "dcls_month": "202411",
    "fin_co_no": "0010017",
    "kor_co_nm": "부산은행",
    "fin_prdt_cd": "01020400510001",
    "fin_prdt_nm": "저탄소 실천\n적금",
    "join_way": "영업점,인터넷,스마트폰",
    "mtrt_int": "- 만기후 1년이내:가입기간별 일반정기적금 기본이율 x 50%\n- 만기후 1년초과:가입기간별 일반정기적금 기본이율 x 20%",
    "spcl_cnd": "조건 달성여부에 따라 우대금리 적용\n*개인형 우대이율: 최대0.4%\n*기업형(개인사업자 및 법인)우대이율: 최대0.4%",
    "join_deny": 1,
    "join_member": "제한없음",
    "etc_note": "1. 가입한도: 월 1만원 이상 1천만원 이하 원단위 (월 1천만원 이하 불입 가능)\n2. 자유적립식",
    "max_limit": "10000000",
    "dcls_strt_day": "20241120",
    "dcls_end_day": "없음",
    "fin_co_subm_day": "202411201024"
  }
},
{
  "model": "moneys.savingproduct",
  "pk": 10,
  "fields": {
    "dcls_month": "202411",
    "fin_co_no": "0010017",
    "kor_co_nm": "부산은행",
    "fin_prdt_cd": "01020400530001",
    "fin_prdt_nm": "BNK내맘대로 \n적금",
    "join_way": "영업점,인터넷,스마트폰",
    "mtrt_int": "- 만기후 1년이내:가입기간별 일반정기적금 기본이율 x 50%\n- 만기후 1년초과:가입기간별 일반정기적금 기본이율 x 20%",
    "spcl_cnd": "*우대이율 최대 0.2%\n- 신규시 우대이율 0.05% 및 해지시 우대이율 최대 0.15%",
    "join_deny": 1,
    "join_member": "제한없음",
    "etc_note": "1. 가입금액 :\n   1천원 이상\n2. 가입기간 : \n6개월 이상 60개월 이하(일단위)",
    "max_limit": "없음",
    "dcls_strt_day": "20241120",
    "dcls_end_day": "없음",
    "fin_co_subm_day": "202411201024"
  }
},
{
  "model": "moneys.savingproduct",
  "pk": 11,
  "fields": {
    "dcls_month": "202411",
    "fin_co_no": "0010017",
    "kor_co_nm": "부산은행",
    "fin_prdt_cd": "01020400660001",
    "fin_prdt_nm": "부산이라 좋다\nBig적금",
    "join_way": "스마트폰",
    "mtrt_int": "- 만기후 1년이내:가입기간별 일반정기적금 기본이율 x 50%\n- 만기후 1년초과:가입기간별 일반정기적금 기본이율 x 20%",
    "spcl_cnd": "*우대이율 6개월 미만 최대2.00%, 6개월 이상 2.20%",
    "join_deny": 1,
    "join_member": "실명의 개인고객(1인 1계좌)",
    "etc_note": "1. 가입한도: 월 1천원 이상 100만원 이하 원단위\n2. 자유적립식",
    "max_limit": "1000000",
    "dcls_strt_day": "20241120",
    "dcls_end_day": "없음",
    "fin_co_subm_day": "202411201024"
  }
},
{
  "model": "moneys.savingproduct",
  "pk": 12,
  "fields": {
    "dcls_month": "202411",
    "fin_co_no": "0010017",
    "kor_co_nm": "부산은행",
    "fin_prdt_cd": "1020400640001",
    "fin_prdt_nm": "BNK아기천사적금",
    "join_way": "스마트폰",
    "mtrt_int": "- 만기후 1년이내:가입기간별 일반정기적금 기본이율 x 50%\n- 만기후 1년초과:가입기간별 일반정기적금 기본이율 x 20%",
    "spcl_cnd": "*우대이율 최대 6.00%",
    "join_deny": 1,
    "join_member": "실명의 개인고객(1인 1계좌)",
    "etc_note": "1. 가입한도: 월 1만원 이상 30만원 이하 원단위\n2.자유적립식",
    "max_limit": "300000",
    "dcls_strt_day": "20241120",
    "dcls_end_day": "없음",
    "fin_co_subm_day": "202411201024"
  }
},
{
  "model": "moneys.savingproduct",
  "pk": 13,
  "fields": {
    "dcls_month": "202411",
    "fin_co_no": "0010019",
    "kor_co_nm": "광주은행",
    "fin_prdt_cd": "TD11330029000",
    "fin_prdt_nm": "해피라이프_여행스케치적금V",
    "join_way": "영업점,스마트폰",
    "mtrt_int": "*만기후 1개월 이내: 만기일 당시 최초 가입 기간별 고시금리의 1/2 \n*만기후 1개월 초과: 0.1%",
    "spcl_cnd": "▶ 최고우대금리 1.20%p  \n①해피라이프_여행스케치외화적금V 동일자가입 0.5%p \n②해지원금 기준 500만원이상 : 최고0.2%p\n③신용(체크)카드사용실적300만원이상:최고 0.3%p\n④개인(신용)정보 동의: 0.2%p",
    "join_deny": 1,
    "join_member": "제한없음(단,국가및지방자치단체제외)",
    "etc_note": "1. 가입기간 : 6개월이상 3년제\n2. 가입금액 : 월5만원 이상 5백만원 이하 (1인1계좌)",
    "max_limit": "5000000",
    "dcls_strt_day": "20241120",
    "dcls_end_day": "없음",
    "fin_co_subm_day": "202411201133"
  }
},
{
  "model": "moneys.savingproduct",
  "pk": 14,
  "fields": {
    "dcls_month": "202411",
    "fin_co_no": "0010019",
    "kor_co_nm": "광주은행",
    "fin_prdt_cd": "TD11330030000",
    "fin_prdt_nm": "여행스케치_남도투어적금",
    "join_way": "영업점,스마트폰",
    "mtrt_int": "만기후 1개월 이내: 만기일 당시 최초 가입 기간별 고시금리의 1/2 \n만기후 1개월 초과: 0.1%",
    "spcl_cnd": "▶ 최고우대금리 1.9%p \n①예금가입일~만기일전일까지 당행이선정한 전라남도 관광지 방문 인증시 : 최고 1.5%p\n②신용(체크)카드사용실적300만원이상:최고 0.3%p\n③개인(신용)정보 동의: 0.1%p",
    "join_deny": 1,
    "join_member": "만14세이상 개인 및 개인사업자",
    "etc_note": "1. 가입기간 :12개월제,18개월제\n2. 가입금액 : 월 5만원 이상 1백만원 이하 (1인1계좌)\n※ 18개월 정액식 기본금리 3.3%, 최고금리 5.2%",
    "max_limit": "1000000",
    "dcls_strt_day": "20241120",
    "dcls_end_day": "없음",
    "fin_co_subm_day": "202411201133"
  }
},
{
  "model": "moneys.savingproduct",
  "pk": 15,
  "fields": {
    "dcls_month": "202411",
    "fin_co_no": "0010019",
    "kor_co_nm": "광주은행",
    "fin_prdt_cd": "TD11330031000",
    "fin_prdt_nm": "VIP플러스적금",
    "join_way": "영업점,인터넷,스마트폰",
    "mtrt_int": "*만기후 1개월 이내: 만기일 당시 최초 가입 기간별 고시금리의 1/2 \n*만기후 1개월 초과: 0.1%",
    "spcl_cnd": "▶ 최고우대금리 0.50%p  \n①이 예금가입시 VIP고객이거나 가입일 이후부터 만기일전일까지 VIP고객에 선정된 경험이 있는 경우 : 0.3%p \n②이 예금 가입일에 정기예금 500만원이상(만기 1년이상) 가입하고 만기일 전일까지 유지한 경우 : 0.2%p",
    "join_deny": 1,
    "join_member": "실명의 개인",
    "etc_note": "1. 가입기간 : 1년제\n2. 가입금액 : 월10만원 이상 5백만원 이하 (1인1계좌)",
    "max_limit": "5000000",
    "dcls_strt_day": "20241120",
    "dcls_end_day": "없음",
    "fin_co_subm_day": "202411201133"
  }
},
{
  "model": "moneys.savingproduct",
  "pk": 16,
  "fields": {
    "dcls_month": "202411",
    "fin_co_no": "0010020",
    "kor_co_nm": "제주은행",
    "fin_prdt_cd": "220002101",
    "fin_prdt_nm": "jbank 저금통적금",
    "join_way": "인터넷,스마트폰",
    "mtrt_int": "- 만기후 1개월 이내 : (일반)정기적금 기본이자율의 50%\n(단, 최저금리 0.1%)\n- 만기후 1개월 초과 3개월 이내 : (일반)정기적금 기본이자율의 25%\n(단, 최저금리 0.1%)\n- 만기후 3개월 초과 : 0.1%",
    "spcl_cnd": "* 거래조건에 따라 최고 2.1%p 우대금리 적용\n① 자투리 출금계좌 평잔 50만원 이상 유지 : 0.8%p\n② 첫거래고객 or JBANK저금통적금 1개월 내 재신규 : 0.5%p\n③ 신규가입 시점에서 적금 목표금액 최소 30만원 이상 설정하고, 적금 신규일로부터 3개월 내 잔액이 목표금액 이상인 경우 :0.5%p\n④ 추천인 우대금리 : 0.30%p",
    "join_deny": 1,
    "join_member": "개인 및 개인사업자",
    "etc_note": "월 납입한도 50만원 이하",
    "max_limit": "500000",
    "dcls_strt_day": "20241120",
    "dcls_end_day": "없음",
    "fin_co_subm_day": "202411201112"
  }
},
{
  "model": "moneys.savingproduct",
  "pk": 17,
  "fields": {
    "dcls_month": "202411",
    "fin_co_no": "0010020",
    "kor_co_nm": "제주은행",
    "fin_prdt_cd": "220002501",
    "fin_prdt_nm": "MZ 플랜적금",
    "join_way": "영업점,인터넷,스마트폰",
    "mtrt_int": "- 만기후 1개월 이내 : (일반)정기적금 기본이자율의 50%\n(단, 최저금리 0.1%)\n- 만기후 1개월 초과 3개월 이내 : (일반)정기적금 기본이자율의 25%\n(단, 최저금리 0.1%)\n- 만기후 3개월 초과 : 0.1%",
    "spcl_cnd": "①매월 1회이상 지속적 납입시:1년제: 0.50%\n② 목표 금액 달성:0.50%\n③ 신용카드,체크카드 합산 사용액 월10만원 이상 사용: 0.50%\n* 청년이니까응원합니다 이벤트 : 0.50%",
    "join_deny": 1,
    "join_member": "개인 및 개인사업자",
    "etc_note": "월 납입한도 30만원 이하",
    "max_limit": "300000",
    "dcls_strt_day": "20241120",
    "dcls_end_day": "없음",
    "fin_co_subm_day": "202411201112"
  }
},
{
  "model": "moneys.savingproduct",
  "pk": 18,
  "fields": {
    "dcls_month": "202411",
    "fin_co_no": "0010020",
    "kor_co_nm": "제주은행",
    "fin_prdt_cd": "220002701",
    "fin_prdt_nm": "탐이나요적금",
    "join_way": "인터넷,스마트폰",
    "mtrt_int": "- 만기후 1개월 이내 : (일반)정기적금 기본이자율의 50%\n(단, 최저금리 0.1%)\n- 만기후 1개월 초과 3개월 이내 : (일반)정기적금 기본이자율의 25%\n(단, 최저금리 0.1%)\n- 만기후 3개월 초과 : 0.1%",
    "spcl_cnd": "우대요건 충족시 최고 2.7%p 추가 우대(만기시 제공)매월 JBANK로그인 시 0.2%,한 가지라도 수행시 2.5% 제공①추천인 코드로 3명 이상 가입시 ②탐나는전 체크카드 월30만원 이상 사용 유지 ③탐나는전 선불카드 충전계좌를 당행 입출금계좌로 등록 후 평잔 50만원 이상 유지 시",
    "join_deny": 1,
    "join_member": "개인 및 개인사업자",
    "etc_note": "월 납입한도 100만원 이하",
    "max_limit": "1000000",
    "dcls_strt_day": "20241120",
    "dcls_end_day": "없음",
    "fin_co_subm_day": "202411201112"
  }
},
{
  "model": "moneys.savingproduct",
  "pk": 19,
  "fields": {
    "dcls_month": "202411",
    "fin_co_no": "0010022",
    "kor_co_nm": "전북은행",
    "fin_prdt_cd": "10-01-30-031-0018-0000",
    "fin_prdt_nm": "JB 다이렉트적금(자유적립식)",
    "join_way": "인터넷,스마트폰",
    "mtrt_int": "√만기후 1개월이내 경과분 : 만기일 현재 계약기간별 정기적금(자유적립식) 실행이율의 1/2\n√만기후 1개월초과 경과분 : 연 0.1%",
    "spcl_cnd": "추가우대금리 :\n당행 계좌간 자동이체를 통해 이 예금으로 자동이체 된 금액에 0.1% 금리 우대",
    "join_deny": 1,
    "join_member": "실명의 개인 및 개인사업자(임의단체 제외)",
    "etc_note": "1. 초회불입금 1만원이상, 1인당 월별 최고 1천만원이내\n2. 만기직전 1개월간 적립합계는 이전기간 적립금액을 초과할 수 없음\n3. 인터넷뱅킹/스마트폰뱅킹 가입상품",
    "max_limit": "10000000",
    "dcls_strt_day": "20241120",
    "dcls_end_day": "없음",
    "fin_co_subm_day": "202411201630"
  }
},
{
  "model": "moneys.savingproduct",
  "pk": 20,
  "fields": {
    "dcls_month": "202411",
    "fin_co_no": "0010022",
    "kor_co_nm": "전북은행",
    "fin_prdt_cd": "10-01-30-031-0036",
    "fin_prdt_nm": "JB 다이렉트적금(정액적립식)",
    "join_way": "인터넷,스마트폰",
    "mtrt_int": "√만기후 1개월이내 경과분 : 만기일 현재 계약기간별 정기적금(정액적립식) 실행이율의 1/2\n√만기후 1개월초과 경과분 : 연 0.1%",
    "spcl_cnd": "추가우대금리 :\n당행 계좌간 자동이체를 통해 6회이상 입금한 경우 \n연 0.1% 금리우대",
    "join_deny": 1,
    "join_member": "실명의 개인 및 개인사업자(임의단체 제외)",
    "etc_note": "1. 초회불입금 1만원이상, 1인당 월별 최고 5백만원이내\n2. 인터넷뱅킹/스마트폰뱅킹 가입상품",
    "max_limit": "5000000",
    "dcls_strt_day": "20241120",
    "dcls_end_day": "없음",
    "fin_co_subm_day": "202411201630"
  }
},
{
  "model": "moneys.savingproduct",
  "pk": 21,
  "fields": {
    "dcls_month": "202411",
    "fin_co_no": "0010022",
    "kor_co_nm": "전북은행",
    "fin_prdt_cd": "10-01-30-031-0049-0000",
    "fin_prdt_nm": "3초 플레이 적금",
    "join_way": "스마트폰",
    "mtrt_int": "√만기후 1개월이내 경과분 : 만기일 현재 계약기간별 정기적금(정액적립식) 실행이율의 1/2\n√만기후 1개월초과 경과분 : 연 0.1%",
    "spcl_cnd": "1. 만기 전전월까지 게임 50회 참여시 0.9%\n2. 3초 플레이 적금 게임에 참여하여 획득한 점수 총 합에 따라 추가 우대금리 (연0.5% ~ 연3.0%)\n3. 가입기간 내 오픈뱅킹을 통해 계좌 추가 등록/유지시 우대 0.1%\n\n※거래실적 인정기준 세부내용은 홈페이지 참조",
    "join_deny": 1,
    "join_member": "실명의 개인 및 개인사업자(1인 1계좌)",
    "etc_note": "계약기간 6개월\n월별 적립한도 5만원 이상 최고 50만원 이하 (1인 1계좌)",
    "max_limit": "500000",
    "dcls_strt_day": "20241021",
    "dcls_end_day": "없음",
    "fin_co_subm_day": "202411201632"
  }
},
{
  "model": "moneys.savingproduct",
  "pk": 22,
  "fields": {
    "dcls_month": "202411",
    "fin_co_no": "0010024",
    "kor_co_nm": "경남은행",
    "fin_prdt_cd": "21000111",
    "fin_prdt_nm": "행복 DREAM 적금",
    "join_way": "영업점,인터넷,스마트폰",
    "mtrt_int": "만기후 1개월 이내: 일반정기예금 기본이율의 50%\n만기후 1개월 초과: 일반정기예금 기본이율의 20%",
    "spcl_cnd": "①신규일로부터 6개월전까지 당행 적금 미보유 0.2%\n②월부금이 50만원 이상인 경우 0.20%\n③이 예금을 자동이체로 납입하는 경우 0.2%\n④신용(체크)카드 최초발급 후 10만원 이내 이용 0.2%\n⑤ 전자명함을 통한 신규 시 0.2%",
    "join_deny": 1,
    "join_member": "실명의 개인 및 개인사업자",
    "etc_note": "1. 계약기간은 1년 이상 3년 이하 월단위로 한다.\n2. 적립금액은 5만원 이상, 최고금액은 제한없음",
    "max_limit": "999999999",
    "dcls_strt_day": "20241120",
    "dcls_end_day": "없음",
    "fin_co_subm_day": "202411201002"
  }
},
{
  "model": "moneys.savingproduct",
  "pk": 23,
  "fields": {
    "dcls_month": "202411",
    "fin_co_no": "0010024",
    "kor_co_nm": "경남은행",
    "fin_prdt_cd": "21001116",
    "fin_prdt_nm": "BNK더조은자유적금",
    "join_way": "인터넷,스마트폰",
    "mtrt_int": "만기후 1개월 이내: 일반정기예금 기본이율의 50%\n만기후 1개월 초과: 일반정기예금 기본이율의 20%",
    "spcl_cnd": "①오픈뱅킹서비스 가입 0.20%(만기까지 유지)\n②당행 입출금통장에서 자동이체시 입금건별 0.20%\n③이 상품 신규시 금리우대쿠폰을 등록할 경우 0.30%",
    "join_deny": 1,
    "join_member": "거래대상자는 제한을 두지 아니한다. 다만, 국가 및 지방자치단체는 이 예금을 거래할 수 없다.",
    "etc_note": "1. 계약기간은 6개월 이상 2년 이내 월단위로 한다.\n2. 초입금 1만원 이상 월별 500만원 이내에서 자유롭게 저축\n3. 최대 저축횟수는 999회 이내",
    "max_limit": "5000000",
    "dcls_strt_day": "20241120",
    "dcls_end_day": "없음",
    "fin_co_subm_day": "202411201002"
  }
},
{
  "model": "moneys.savingproduct",
  "pk": 24,
  "fields": {
    "dcls_month": "202411",
    "fin_co_no": "0010024",
    "kor_co_nm": "경남은행",
    "fin_prdt_cd": "21001199",
    "fin_prdt_nm": "BNK 위더스자유적금",
    "join_way": "영업점,인터넷,스마트폰,기타",
    "mtrt_int": "만기후 1개월 이내: 일반정기예금 기본이율의 50%\n만기후 1개월 초과: 일반정기예금 기본이율의 20%",
    "spcl_cnd": "①ESG 실천 우대금리 0.50%\n②신규고객 우대금리 0.50%\n- 당행 1년 이내예적금(청약포함)신규해지 이력미보유\n③공동가입우대금리 1.50%",
    "join_deny": 1,
    "join_member": "실명의 개인 및 개인사업자",
    "etc_note": "1.계약기간은 1개월 이상 36개월 이하 월단위로 한다.\n2..1인 1계좌로 가입가능\n2.매월 최소 1만원 이상, 최고 월 100만원 이하 (천원 단위)",
    "max_limit": "1000000",
    "dcls_strt_day": "20241120",
    "dcls_end_day": "없음",
    "fin_co_subm_day": "202411201002"
  }
},
{
  "model": "moneys.savingproduct",
  "pk": 25,
  "fields": {
    "dcls_month": "202411",
    "fin_co_no": "0010024",
    "kor_co_nm": "경남은행",
    "fin_prdt_cd": "21001236",
    "fin_prdt_nm": "주거래 프리미엄 적금",
    "join_way": "영업점,인터넷,스마트폰",
    "mtrt_int": "만기후 1개월 이내: 일반정기예금 기본이율의 50%\n만기후 1개월 초과: 일반정기예금 기본이율의 20%",
    "spcl_cnd": "①주거래우대 0.50%\n②공과금 자동이체 0.40~0.60%\n③신규고객 0.20%\n④주택청약종합저축 보유 0.10%\n⑤ 전자명함을 통한 신규 시 0.2%",
    "join_deny": 1,
    "join_member": "실명의 개인 및 개인사업자",
    "etc_note": "1.계악기간은 1년제, 2년제, 3년제로 한다.\n2. 적립금액은 매월 1만원이상, 최고금액은 제한없음",
    "max_limit": "999999999",
    "dcls_strt_day": "20241120",
    "dcls_end_day": "없음",
    "fin_co_subm_day": "202411201002"
  }
},
{
  "model": "moneys.savingproduct",
  "pk": 26,
  "fields": {
    "dcls_month": "202411",
    "fin_co_no": "0010024",
    "kor_co_nm": "경남은행",
    "fin_prdt_cd": "21001259",
    "fin_prdt_nm": "오늘도세이브적금",
    "join_way": "인터넷,스마트폰,기타",
    "mtrt_int": "만기후 1개월 이내: 일반정기예금 기본이율의 50%\n만기후 1개월 초과: 일반정기예금 기본이율의 20%",
    "spcl_cnd": "①마케팅동의 0.15%\n②목돈마련 축하이율 0.30~1.00%\n③친구 추천번호 0.30~0.60%",
    "join_deny": 1,
    "join_member": "실명의 개인 및 개인사업자",
    "etc_note": "1. 계약기간은 1개월 이상 6개월 이내 월단위로 한다.\n2. 초입금 일 1천원 이상 10만원 이하 자유롭게 저축\n3. 최대 저축횟수는 999회 이내",
    "max_limit": "100000",
    "dcls_strt_day": "20241120",
    "dcls_end_day": "없음",
    "fin_co_subm_day": "202411201002"
  }
},
{
  "model": "moneys.savingproduct",
  "pk": 27,
  "fields": {
    "dcls_month": "202411",
    "fin_co_no": "0010024",
    "kor_co_nm": "경남은행",
    "fin_prdt_cd": "21001268",
    "fin_prdt_nm": "터치적금",
    "join_way": "스마트폰",
    "mtrt_int": "만기후 1개월 이내: 일반정기예금 기본이율의 50%\n만기후 1개월 초과: 일반정기예금 기본이율의 20%",
    "spcl_cnd": "①첫거래고객(적금가입 전일기준 당행 활동계좌 미보유) 2.50%\n②기간내 적금 입금일마다 0.10%씩 우대(최대2.50%)\n③마케팅동의 및 모바일메세지 수신동의 만기유지 시 0.50%",
    "join_deny": 1,
    "join_member": "실명의 개인 및 개인사업자",
    "etc_note": "1. 계약기간은 1개월로 한다.\n2. 초입금 일 1천원 이상 3만원 이하 자유롭게 저축\n3. 최대 저축횟수는 999회 이내",
    "max_limit": "30000",
    "dcls_strt_day": "20241120",
    "dcls_end_day": "없음",
    "fin_co_subm_day": "202411201002"
  }
},
{
  "model": "moneys.savingproduct",
  "pk": 28,
  "fields": {
    "dcls_month": "202411",
    "fin_co_no": "0010026",
    "kor_co_nm": "중소기업은행",
    "fin_prdt_cd": "01211210113",
    "fin_prdt_nm": "IBK D-day적금(자유적립식)",
    "join_way": "스마트폰",
    "mtrt_int": "만기일 당시 정기적금 만기후금리 적용\n- 1개월 이내: 만기일 당시 약정금리x50%\n- 1월 초과 6개월 이내: 만기일 당시 약정금리x30%\n- 6개월 초과: 만기일 당시 약정금리x20%",
    "spcl_cnd": "최고 연 1.5%p\n1. 목표달성 축하금리 : 연 1.0%p\n  - 당행 입출금식 계좌에서 이 적금으로 자동이체를 통해 3회 이상 납입하고 만기일 전일까지 목표금액(신규 시 직접 설정) 이상 납입하는 경우\n2. 최초거래고객 우대금리 : 연 0.5%p",
    "join_deny": 1,
    "join_member": "실명의 개인\n(개인사업자 제외)",
    "etc_note": "1인당 3계좌 가입 가능하며, 계좌당 20만원 이내 납입 가능",
    "max_limit": "600000",
    "dcls_strt_day": "20241120",
    "dcls_end_day": "없음",
    "fin_co_subm_day": "202411201030"
  }
},
{
  "model": "moneys.savingproduct",
  "pk": 29,
  "fields": {
    "dcls_month": "202411",
    "fin_co_no": "0010026",
    "kor_co_nm": "중소기업은행",
    "fin_prdt_cd": "01211210121",
    "fin_prdt_nm": "IBK탄소제로적금(자유적립식)",
    "join_way": "스마트폰",
    "mtrt_int": "만기일 당시 정기적금 만기후금리 적용\n- 1개월 이내: 만기일 당시 약정금리x50%\n- 1월 초과 6개월 이내: 만기일 당시 약정금리x30%\n- 6개월 초과: 만기일 당시 약정금리x20%",
    "spcl_cnd": "최고 연 2.00%p\n1. 에너지 절감 우대금리 : 최대 연 1.00%p\n2. 최초거래고객 우대금리 : 연 0.50%p\n3. 지로 또는 공과금 자동이체 우대금리 : 연 0.50%p",
    "join_deny": 1,
    "join_member": "실명의 개인\n(개인사업자 제외)",
    "etc_note": "1인당 1계좌 가입 가능하며, 계좌당 최소 1만원 이상 1백만원까지 납입 가능",
    "max_limit": "1000000",
    "dcls_strt_day": "20241120",
    "dcls_end_day": "없음",
    "fin_co_subm_day": "202411201030"
  }
},
{
  "model": "moneys.savingproduct",
  "pk": 30,
  "fields": {
    "dcls_month": "202411",
    "fin_co_no": "0010026",
    "kor_co_nm": "중소기업은행",
    "fin_prdt_cd": "01211210122",
    "fin_prdt_nm": "IBK중기근로자우대적금\n(자유적립식)",
    "join_way": "영업점,스마트폰",
    "mtrt_int": "만기일 당시 정기적금 만기후금리 적용\n- 1개월 이내: 만기일 당시 약정금리x50%\n- 1월 초과 6개월 이내: 만기일 당시 약정금리x30%\n- 6개월 초과: 만기일 당시 약정금리x20%",
    "spcl_cnd": "최고 연 2.20%p\n1. 가입시점 중소기업 근로자로 확인된 경우 : 재직기간에 따라 최고 연 1.2%p\n2. 당행 급여이체 실적(월50만원 이상) 6개월 이상\n   인 경우 : 연 1.0%p",
    "join_deny": 3,
    "join_member": "중소기업에서 근무하는\n실명의 개인\n(개인사업자 제외)",
    "etc_note": "1인당 1계좌 가입 가능하며, 계좌당 100만원까지 납입 가능",
    "max_limit": "1000000",
    "dcls_strt_day": "20241120",
    "dcls_end_day": "없음",
    "fin_co_subm_day": "202411201030"
  }
},
{
  "model": "moneys.savingproduct",
  "pk": 31,
  "fields": {
    "dcls_month": "202411",
    "fin_co_no": "0010030",
    "kor_co_nm": "한국산업은행",
    "fin_prdt_cd": "03101",
    "fin_prdt_nm": "KDB 기업정기적금",
    "join_way": "영업점,인터넷",
    "mtrt_int": "* 만기후 1년 이내 : 만기일 현재 고시된 일반 정기적금 해당예금기간 기본이율의 1/2\n* 만기후 1년 초과 : 만기일 현재 고시된 보통예금 이율",
    "spcl_cnd": "해당없음",
    "join_deny": 1,
    "join_member": "개인사업자, 조합(비영리법인 포함), 법인",
    "etc_note": "해당없음",
    "max_limit": "없음",
    "dcls_strt_day": "20241125",
    "dcls_end_day": "없음",
    "fin_co_subm_day": "202411251033"
  }
},
{
  "model": "moneys.savingproduct",
  "pk": 32,
  "fields": {
    "dcls_month": "202411",
    "fin_co_no": "0010030",
    "kor_co_nm": "한국산업은행",
    "fin_prdt_cd": "03700",
    "fin_prdt_nm": "KDB 자유적금",
    "join_way": "영업점,인터넷,스마트폰",
    "mtrt_int": "* 만기후 1년 이내 : 만기일 현재 고시된 일반 정기적금 해당예금기간 기본이율의 1/2\n* 만기후 1년 초과 : 만기일 현재 고시된 보통예금 이율",
    "spcl_cnd": "해당없음",
    "join_deny": 1,
    "join_member": "개인, 개인사업자, 임의단체",
    "etc_note": "해당없음",
    "max_limit": "5000000",
    "dcls_strt_day": "20241125",
    "dcls_end_day": "없음",
    "fin_co_subm_day": "202411251037"
  }
},
{
  "model": "moneys.savingproduct",
  "pk": 33,
  "fields": {
    "dcls_month": "202411",
    "fin_co_no": "0010927",
    "kor_co_nm": "국민은행",
    "fin_prdt_cd": "010200100051",
    "fin_prdt_nm": "KB국민프리미엄적금(정액)",
    "join_way": "영업점,인터넷,스마트폰,전화(텔레뱅킹)",
    "mtrt_int": "- 1개월 이내 : 기본이율 X 50%\n- 1개월 초과  ~ 3개월 이내 : 기본이율 X 30%\n- 3개월 초과 : 0.1%",
    "spcl_cnd": "① 단체가입/나라사랑/쿠폰 우대이율: \n    1년: 연 0.6%p, 2년: 연 0.7%p,\n    3년: 연 0.9%p, 5년: 연 1.0%p \n   (중복적용되지 않음, 계약기간별차등적용)\n② 교차거래 우대이율: 연 0.3%p",
    "join_deny": 1,
    "join_member": "실명의 개인",
    "etc_note": "1인 1계좌",
    "max_limit": "없음",
    "dcls_strt_day": "20241120",
    "dcls_end_day": "없음",
    "fin_co_subm_day": "202411201057"
  }
},
{
  "model": "moneys.savingproduct",
  "pk": 34,
  "fields": {
    "dcls_month": "202411",
    "fin_co_no": "0010927",
    "kor_co_nm": "국민은행",
    "fin_prdt_cd": "010200100084",
    "fin_prdt_nm": "KB맑은하늘적금",
    "join_way": "영업점,인터넷,스마트폰",
    "mtrt_int": "- 1개월 이내 : 기본이율 X 50%\n- 1개월 초과  ~ 3개월 이내 : 기본이율 X 30%\n- 3개월 초과 : 0.1%",
    "spcl_cnd": "맑은하늘을 위한 미션별 제공조건을 달성할 때 각 미션별 우대이율 제공\n- 1년제 최고 연 0.8%p, 2년제 최고 연 0.9%p, 3년제 최고 연 1.0%p\n① 종이통장 줄이기 미션:연 0.1%p\n② 종이서식 줄이기 미션:연 0.2%p\n③ 대중교통 미션:1년제 연 0.4%p, 2년제 연 0.5%p, 3년제 연 0.6%p\n④ 퀴즈미션:연 0.1%p",
    "join_deny": 1,
    "join_member": "실명의 개인",
    "etc_note": "공동명의 불가\n(1인 최대 3계좌)",
    "max_limit": "없음",
    "dcls_strt_day": "20241120",
    "dcls_end_day": "없음",
    "fin_co_subm_day": "202411201057"
  }
},
{
  "model": "moneys.savingproduct",
  "pk": 35,
  "fields": {
    "dcls_month": "202411",
    "fin_co_no": "0010927",
    "kor_co_nm": "국민은행",
    "fin_prdt_cd": "010200100092",
    "fin_prdt_nm": "KB반려행복적금",
    "join_way": "스마트폰",
    "mtrt_int": "- 1개월 이내 : 기본이율 X 50%\n- 1개월 초과  ~ 3개월 이내 : 기본이율 X 30%\n- 3개월 초과 : 0.1%",
    "spcl_cnd": "항목별 적용 조건 충족시, 최고 연 1.5%p\n① 반려동물 등록: 연 0.2%p\n② 미지(유기)입양: 연 0.2%p\n③ 반려동물애정활동: 연 0.2%p\n④ 반려동물요금제: 연 0.2%p\n⑤ KB거래감사: 연 0.2%p\n⑥ KB첫거래: 연 0.5%p",
    "join_deny": 1,
    "join_member": "실명의 개인",
    "etc_note": "공동명의 불가\n(1인 최대 3계좌)",
    "max_limit": "없음",
    "dcls_strt_day": "20241120",
    "dcls_end_day": "없음",
    "fin_co_subm_day": "202411201057"
  }
},
{
  "model": "moneys.savingproduct",
  "pk": 36,
  "fields": {
    "dcls_month": "202411",
    "fin_co_no": "0010927",
    "kor_co_nm": "국민은행",
    "fin_prdt_cd": "010200100104",
    "fin_prdt_nm": "KB 특★한 적금",
    "join_way": "스마트폰",
    "mtrt_int": "- 1개월 이내 : 기본이율 X 50%\n- 1개월 초과  ~ 3개월 이내 : 기본이율 X 30%\n- 3개월 초과 : 0.1%",
    "spcl_cnd": "항목별 적용 조건 충족시, 최고 연 4.0%p\n① 목표달성 축하 우대이율: 최고 연 1.0%p\n    50만원 이하: 연 0.5%p, 50만원 초과: 연 1.0%p \n② 별 모으기 우대이율 : 최고 연 1.0%p\n    10개: 연 0.5%p, 20개: 연 1.0%p\n③ 함께해요 우대이율: 최고 연 2.0%p",
    "join_deny": 1,
    "join_member": "실명의 개인",
    "etc_note": "개인사업자, 임의단체 및\n공동명의 가입 불가\n(1인 최대 3계좌)",
    "max_limit": "없음",
    "dcls_strt_day": "20241120",
    "dcls_end_day": "없음",
    "fin_co_subm_day": "202411201057"
  }
},
{
  "model": "moneys.savingproduct",
  "pk": 37,
  "fields": {
    "dcls_month": "202411",
    "fin_co_no": "0010927",
    "kor_co_nm": "국민은행",
    "fin_prdt_cd": "010200100109",
    "fin_prdt_nm": "KB차차차 적금",
    "join_way": "스마트폰",
    "mtrt_int": "- 1개월 이내 : 기본이율 X 50%\n- 1개월 초과  ~ 3개월 이내 : 기본이율 X 30%\n- 3개월 초과 : 0.1%",
    "spcl_cnd": "항목별 적용 조건 충족시, 최고 연 5.5%p\n① 혜택수신 우대이율: 연 1.0%p\n② KB패밀리 우대이율: 연 1.0%p\n③ KB국민인증 우대이율: 연0.5%p \n④ 내차든든 우대이율: 연 3.0%P",
    "join_deny": 1,
    "join_member": "만19세이상 실명의 개인",
    "etc_note": "- 개인사업자, 임의단체 및 공동명의 가입 불가\n(1인 1계좌) \n- KB스타뱅킹 전용상품",
    "max_limit": "없음",
    "dcls_strt_day": "20241120",
    "dcls_end_day": "없음",
    "fin_co_subm_day": "202411201057"
  }
},
{
  "model": "moneys.savingproduct",
  "pk": 38,
  "fields": {
    "dcls_month": "202411",
    "fin_co_no": "0011625",
    "kor_co_nm": "신한은행",
    "fin_prdt_cd": "230-0119-85",
    "fin_prdt_nm": "신한 알.쏠 적금",
    "join_way": "영업점,스마트폰",
    "mtrt_int": "-1개월 이하:(일반) 정기적금 기본금리 1/2\n(단, 최저금리 0.10%)\n-1개월 초과~6개월 이하: (일반) 정기적금 기본금리의 1/4\n(단, 최저금리 0.10%)\n-6개월 초과 0.10%",
    "spcl_cnd": "※가산금리 최고 연 1.30%\n- 소득이체 : 연 0.6%\n- 카드이용 : 연 0.3%\n- 오픈뱅킹 : 연 0.6%\n- 청약보유 : 연 0.3%\n- 마케팅동의 : 연 0.1%\n※ 우대금리 항목별 자세한 적용 조건은 상품설명서 참조",
    "join_deny": 1,
    "join_member": "제한없음",
    "etc_note": "1. 가입한도: \n월300만원 이하\n2. 1인 다계좌",
    "max_limit": "3000000",
    "dcls_strt_day": "20241120",
    "dcls_end_day": "없음",
    "fin_co_subm_day": "202411200925"
  }
},
{
  "model": "moneys.savingproduct",
  "pk": 39,
  "fields": {
    "dcls_month": "202411",
    "fin_co_no": "0013175",
    "kor_co_nm": "농협은행주식회사",
    "fin_prdt_cd": "10-047-1360-0002",
    "fin_prdt_nm": "NH올원e 미니적금",
    "join_way": "스마트폰",
    "mtrt_int": "만기후 1년 이내 : 만기시점 계약기간별 자유로우대적금 기본금리의 1/2\n만기후 1년 초과 : 보통예금 금리",
    "spcl_cnd": "1. 자동이체 입금횟수 우대금리 : 최고 0.5%p\n - 5회이상 : 0.2%p, 10회이상 : 0.3%p, 15회이상 0.5%p\n2. 목표금액 달성 축하금리  : 0.5%p\n3. MZ세대(만 19~34세)) 우대금리 : 0.5%p\n4. 직전 1년간 당행 예적금(청약포함) 미보유 고객 : 0.2%p",
    "join_deny": 1,
    "join_member": "개인",
    "etc_note": "가입기간 1개월 이상 6개월 이하(일 단위)\n\n초입금 및 매일 1천원이상  5만원이내(천원 단위)",
    "max_limit": "1550000",
    "dcls_strt_day": "20241125",
    "dcls_end_day": "없음",
    "fin_co_subm_day": "202411251042"
  }
},
{
  "model": "moneys.savingproduct",
  "pk": 40,
  "fields": {
    "dcls_month": "202411",
    "fin_co_no": "0013175",
    "kor_co_nm": "농협은행주식회사",
    "fin_prdt_cd": "10-047-1365-0001",
    "fin_prdt_nm": "NH1934월복리적금",
    "join_way": "영업점,인터넷,스마트폰",
    "mtrt_int": "만기후 1년 이내 : 만기시점 계약기간별 기본금리의 1/2\n만기후 1년 초과 : 보통예금 금리",
    "spcl_cnd": "1. 급여실적 : 1.0%p (①/② 중복 적용 불가)\n ① 급여이체 실적 : 1.0%p\n ② 개인사업자 계좌 실적 :1.0%p\n2. 비대면 채널 이체 실적 : 0.3%p\n3. 마케팅 동의 : 0.2%p\n4. 농업계고 및 청년농부사관학교 졸업자 : 2.0%p",
    "join_deny": 3,
    "join_member": "만19세~만34세 개인 및 개인사업자",
    "etc_note": "초입금 및 매회 1만원 이상, 월 50만원 이내 자유적립\n\n급여이체 실적과 개인사업자 계좌 실적 우대금리는 중복 적용 불가\n\n * 급여입금실적 인정기준\n  - 가입기간 12개월 이하 : 3개월 이상 급여이체\n  - 가입기간 24개월 이하 : 12개월 이상 급여이체",
    "max_limit": "500000",
    "dcls_strt_day": "20241125",
    "dcls_end_day": "없음",
    "fin_co_subm_day": "202411251042"
  }
},
{
  "model": "moneys.savingproduct",
  "pk": 41,
  "fields": {
    "dcls_month": "202411",
    "fin_co_no": "0013175",
    "kor_co_nm": "농협은행주식회사",
    "fin_prdt_cd": "10-047-1381-0001",
    "fin_prdt_nm": "NH내가Green초록세상적금",
    "join_way": "영업점,인터넷,스마트폰",
    "mtrt_int": "만기후 1년 이내 : 만기시점 계약기간별 기본금리의 1/2\n만기후 1년 초과 : 보통예금 금리",
    "spcl_cnd": "※ 우대금리 최대한도 : 1.0%p(연%, 세전)\n1. 온실가스 줄이기 실천서약서 동의 : 0.1%p\n2. 통장미발급 : 0.3%p\n3. 손하나로인증 서비스 등록 : 0.2%p\n4. 대중교통이용 : 0.2%p\n5. NH내가Green초록세상예금 동시 보유 : 0.2%p",
    "join_deny": 1,
    "join_member": "개인",
    "etc_note": "초입금5만원 이상 및 매회 1만원 이상, 매월50만원이내\n(단, 만기일 전 3개월 이내에는 이전 적립금 합계액을 초과하여 입금불가)\n\n※자세한 사항은 상품설명서 참조",
    "max_limit": "500000",
    "dcls_strt_day": "20241125",
    "dcls_end_day": "없음",
    "fin_co_subm_day": "202411251042"
  }
},
{
  "model": "moneys.savingproduct",
  "pk": 42,
  "fields": {
    "dcls_month": "202411",
    "fin_co_no": "0013175",
    "kor_co_nm": "농협은행주식회사",
    "fin_prdt_cd": "10-047-1387-0001",
    "fin_prdt_nm": "NH고향사랑기부적금",
    "join_way": "영업점,인터넷,스마트폰",
    "mtrt_int": "만기후 1년 이내 : 만기시점 계약기간별 기본금리의 1/2\n만기후 1년 초과 : 보통예금 금리",
    "spcl_cnd": "1. 고향사랑기부금 납부고객 우대 : 0.5%p\n\n2-1. 만 65세 이상 고령자 우대 : 0.1%p\n2-2. 만 19~34세 MZ고객 우대 : 0.3%p\n\n3. NH채움카드 또는 [zgm.고향으로 카드] 이용실적 우대 : 0.1%p\n\n4. 고향사랑특별금리 : 0.1%p(금리시장상황에 따라 변동 가능)\n - 고향사랑특별금리는 상품 가입고객 모두에게 적용",
    "join_deny": 1,
    "join_member": "개인",
    "etc_note": "1.초입금1만원 이상 및 매회 1천원 이상, 매월50만원이내\n\n2. 고향사랑기부금 우대금리는 농협은행/농축협 영업점 또는 고향사랑e음 홈페이지를 통한 고향사랑기부금 납부실적이 확인되는 경우 제공\n\n3. 연간 판매액의 0.1% 공익기금 적립\n\n※자세한 사항은 상품설명서 참조",
    "max_limit": "500000",
    "dcls_strt_day": "20241125",
    "dcls_end_day": "없음",
    "fin_co_subm_day": "202411251042"
  }
},
{
  "model": "moneys.savingproduct",
  "pk": 43,
  "fields": {
    "dcls_month": "202411",
    "fin_co_no": "0013175",
    "kor_co_nm": "농협은행주식회사",
    "fin_prdt_cd": "10-059-1264-0001",
    "fin_prdt_nm": "NH직장인월복리적금",
    "join_way": "영업점,인터넷,스마트폰",
    "mtrt_int": "만기후 3개월 이내 : 만기시점 국고채 1년물 금리\n만기후 1년 이내 : 만기시점 채움적금 계약기간별 고시금리의 50%\n만기후 1년 초과 : 만기시점 보통예금 금리",
    "spcl_cnd": "1. 급여입금실적 보유 고객 중\n - 가입기간 중 3개월 이상 급여이체시 : 0.3%p\n - 주택청약종합저축 또는 펀드가입 : 0.2%p\n - NH채움카드 결제실적 1백만원 이상 : 0.2%p\n2. 인터넷(스마트)뱅킹 또는 올원뱅크로 가입 : 0.1%p",
    "join_deny": 3,
    "join_member": "만18세이상 개인",
    "etc_note": "초입금 및 매회 입금 1만원 이상 원 단위,  1인당 분기별 3백만원 이내 적립 가능\n(단,계약기간 3/4 경과 후 적립할 수 있는 금액은 이전 적립누계액의 1/2이내)",
    "max_limit": "3000000",
    "dcls_strt_day": "20241125",
    "dcls_end_day": "없음",
    "fin_co_subm_day": "202411251042"
  }
},
{
  "model": "moneys.savingproduct",
  "pk": 44,
  "fields": {
    "dcls_month": "202411",
    "fin_co_no": "0013909",
    "kor_co_nm": "하나은행",
    "fin_prdt_cd": "52",
    "fin_prdt_nm": "주거래하나 월복리적금",
    "join_way": "영업점,인터넷,스마트폰",
    "mtrt_int": "1개월 이내 : 지급당시 해당기간별 일반정기적금 기본금리 1/2\n1개월 초과 : 지급당시 해당기간별 일반정기적금 기본금리 1/4",
    "spcl_cnd": "최고 연1.0%\n- 주거래하나우대(연 0.5%) : 적금만기 전전월말기준 본인명의 당행입출금통장을 통해 계약기간 1/2이상 이체된 주거래실적 1종  - 주거래플러스우대(연 0.9%) : 주거래 하나우대와 동일요건의 거래실적 2종이상 경우 \n- 온라인.재예치우대 연 최대 0.1%",
    "join_deny": 1,
    "join_member": "실명의 개인\n또는 개인사업자",
    "etc_note": "1. 1인 1계좌만 가능\n(급여하나월복리적금,연금하나 월복리적금과 중복가입 불가)\n2. 가입금액 \n - 최저1만원~300만원이하\n3. 적립한도\n 분기당 1만원이상 300만원\n (자유적립식)",
    "max_limit": "3000000",
    "dcls_strt_day": "20241120",
    "dcls_end_day": "없음",
    "fin_co_subm_day": "202411200908"
  }
},
{
  "model": "moneys.savingproduct",
  "pk": 45,
  "fields": {
    "dcls_month": "202411",
    "fin_co_no": "0013909",
    "kor_co_nm": "하나은행",
    "fin_prdt_cd": "53",
    "fin_prdt_nm": "내맘적금",
    "join_way": "영업점,인터넷,스마트폰,전화(텔레뱅킹)",
    "mtrt_int": "1개월 이내 : 지급당시 해당기간별 일반정기적금 기본금리 1/2\n1개월 초과 : 지급당시 해당기간별 일반정기적금 기본금리 1/4",
    "spcl_cnd": "하나은행 통장에서 계약기간의 1/2이상 월부금 자동이체실적 충족 시 연 0.50%",
    "join_deny": 1,
    "join_member": "실명의 개인\n또는 개인사업자(1인 다계좌 가능)",
    "etc_note": "1. 1인 다계좌 가능\n2. 가입금액\n   - 1천원 이상~1,000만원 이하(원단위)\n3. 적립한도\n    - 자유적립식 : 매월 1원 이상~1,000만원 이하(원단위)\n    - 정액적립식 : 매월 1천원 이상~1,000만원 이하(원단위)",
    "max_limit": "10000000",
    "dcls_strt_day": "20241120",
    "dcls_end_day": "없음",
    "fin_co_subm_day": "202411200908"
  }
},
{
  "model": "moneys.savingproduct",
  "pk": 46,
  "fields": {
    "dcls_month": "202411",
    "fin_co_no": "0014674",
    "kor_co_nm": "주식회사 케이뱅크",
    "fin_prdt_cd": "01012000200000000003",
    "fin_prdt_nm": "코드K 자유적금",
    "join_way": "스마트폰",
    "mtrt_int": "만기 후 \n- 1개월 이내: 만기시점 기본금리 X 50% \n- 1개월 초과 ~ 6개월 이내: 만기시점 기본금리 X 30%\n- 6개월 초과: 연 0.20%",
    "spcl_cnd": "금리우대 코드를 입력하는 경우 우대금리 적용",
    "join_deny": 1,
    "join_member": "만 17세 이상 실명의 개인 및 개인사업자",
    "etc_note": "가입금액: 1만원 이상 30만원 이하\n가입기간: 6개월, 1년, 2년, 3년 \n(1인 최대 15계좌)",
    "max_limit": "300000",
    "dcls_strt_day": "20241120",
    "dcls_end_day": "없음",
    "fin_co_subm_day": "202411201000"
  }
},
{
  "model": "moneys.savingproduct",
  "pk": 47,
  "fields": {
    "dcls_month": "202411",
    "fin_co_no": "0014674",
    "kor_co_nm": "주식회사 케이뱅크",
    "fin_prdt_cd": "01012000200000000004",
    "fin_prdt_nm": "궁금한 적금",
    "join_way": "스마트폰",
    "mtrt_int": "만기 후 \n- 1개월 이내: 만기시점 기본금리 X 50% \n- 1개월 초과 ~ 6개월 이내: 만기시점 기본금리 X 30%\n- 6개월 초과: 연 0.20%",
    "spcl_cnd": "입금할 때마다 우대금리를 랜덤으로 제공하며, 입금 시 제공되는 우대금리를 누적으로 합산하여 만기 해지 시 적용 (최고 연 6.0%)",
    "join_deny": 1,
    "join_member": "만 17세 이상 실명의 개인 및 개인사업자",
    "etc_note": "가입금액: 0원\n가입기간: 31일\n(1인 최대 1계좌)\n적립방법 : 연결계좌를 통한 직접 입금만 가능하며, 입금은 신규일부터 만기일 전일까지 1일 1회 가능\n납입금액 : 1일(1회) 최소 100원, 최대 5만원",
    "max_limit": "없음",
    "dcls_strt_day": "20241120",
    "dcls_end_day": "없음",
    "fin_co_subm_day": "202411201000"
  }
},
{
  "model": "moneys.savingproduct",
  "pk": 48,
  "fields": {
    "dcls_month": "202411",
    "fin_co_no": "0014674",
    "kor_co_nm": "주식회사 케이뱅크",
    "fin_prdt_cd": "01012000210000000000",
    "fin_prdt_nm": "주거래우대 자유적금",
    "join_way": "스마트폰",
    "mtrt_int": "만기 후 \n- 1개월 이내: 만기시점 기본금리 X 50% \n- 1개월 초과 ~ 6개월 이내: 만기시점 기본금리 X 30%\n- 6개월 초과: 연 0.20%",
    "spcl_cnd": "급여이체 또는 통신비 자동이체, 체크카드 고객에게 우대금리 제공 (최고 연 0.6%)",
    "join_deny": 1,
    "join_member": "만 17세 이상 실명의 개인 및 개인사업자",
    "etc_note": "가입금액: 1천원 이상 300만원 이하\n가입기간: 6개월 ~ 36개월\n(1인 최대 3계좌)",
    "max_limit": "3000000",
    "dcls_strt_day": "20241120",
    "dcls_end_day": "없음",
    "fin_co_subm_day": "202411201000"
  }
},
{
  "model": "moneys.savingproduct",
  "pk": 49,
  "fields": {
    "dcls_month": "202411",
    "fin_co_no": "0014807",
    "kor_co_nm": "수협은행",
    "fin_prdt_cd": "10140114300011",
    "fin_prdt_nm": "Sh해양플라스틱Zero!적금\n(정액적립식)",
    "join_way": "영업점,인터넷,스마트폰",
    "mtrt_int": "* 만기후 1년 이내\n - 만기당시 일반정기적금 \n계약기간별 기본금리 1/2\n* 만기후 1년 초과\n - 만기당시 보통예금 기본금리",
    "spcl_cnd": "* 최대우대금리:0.5%\n1. 해양플라스틱감축서약 : 0.1% (신규시) \n2. 봉사활동 또는 상품홍보 : 0.2% (만기시) \n3. 입출금통장 최초신규 : 0.2% (만기시)\n4. 자동이체 출금실적 : 0.2% (만기시)\n - 수협신용카드 / 당행 펀드 / 수협체크카드\n※단위:연%p",
    "join_deny": 1,
    "join_member": "실명의 개인",
    "etc_note": "- 1인 1계좌 \n- 월 가입한도 : 100만원",
    "max_limit": "1000000",
    "dcls_strt_day": "20241120",
    "dcls_end_day": "99991231",
    "fin_co_subm_day": "202411201045"
  }
},
{
  "model": "moneys.savingproduct",
  "pk": 50,
  "fields": {
    "dcls_month": "202411",
    "fin_co_no": "0014807",
    "kor_co_nm": "수협은행",
    "fin_prdt_cd": "10141109800021",
    "fin_prdt_nm": "Sh월복리자유적금",
    "join_way": "영업점,인터넷,스마트폰",
    "mtrt_int": "* 만기후 1년 이내\n - 만기당시 상호부금\n계약기간별 기본금리 1/2\n* 만기후 1년 초과\n - 만기당시 보통예금 기본금리",
    "spcl_cnd": "*최대우대금리:0.7%\n-첫거래고객:0.3%\n-카드거래:최대0.3%\n-복수거래:0.1%\n-요구불거래:최대0.2%\n-인터넷뱅킹고객:0.1%\n-자동이체실적:0.1%\n※단위:연%p",
    "join_deny": 1,
    "join_member": "실명의 개인 및 개인사업자",
    "etc_note": "- 1인 1계좌\n- 월 가입한도 : 100만원",
    "max_limit": "1000000",
    "dcls_strt_day": "20241120",
    "dcls_end_day": "99991231",
    "fin_co_subm_day": "202411201045"
  }
},
{
  "model": "moneys.savingproduct",
  "pk": 51,
  "fields": {
    "dcls_month": "202411",
    "fin_co_no": "0014807",
    "kor_co_nm": "수협은행",
    "fin_prdt_cd": "10141114300011",
    "fin_prdt_nm": "Sh해양플라스틱Zero!적금\n(자유적립식)",
    "join_way": "영업점,인터넷,스마트폰",
    "mtrt_int": "* 만기후 1년 이내\n - 만기당시 상호부금 \n계약기간별 기본금리 1/2\n* 만기후 1년 초과\n - 만기당시 보통예금 기본금리",
    "spcl_cnd": "* 최대우대금리:0.5%\n1. 해양플라스틱감축서약 : 0.1% (신규시) \n2. 봉사활동 또는 상품홍보 : 0.2% (만기시) \n3. 입출금통장 최초신규 : 0.2% (만기시)\n4. 자동이체 출금실적 : 0.2% (만기시)\n - 수협신용카드 / 당행 펀드 / 수협체크카드\n※단위:연%p",
    "join_deny": 1,
    "join_member": "실명의 개인",
    "etc_note": "- 1인 1계좌 \n- 월 가입한도 : 20만원",
    "max_limit": "200000",
    "dcls_strt_day": "20241120",
    "dcls_end_day": "99991231",
    "fin_co_subm_day": "202411201045"
  }
},
{
  "model": "moneys.savingproduct",
  "pk": 52,
  "fields": {
    "dcls_month": "202411",
    "fin_co_no": "0015130",
    "kor_co_nm": "주식회사 카카오뱅크",
    "fin_prdt_cd": "10-01-30-355-0002",
    "fin_prdt_nm": "카카오뱅크 자유적금",
    "join_way": "스마트폰",
    "mtrt_int": "- 만기 후 1개월 이내 : 가입(또는 자동연장)시점 기본금리x50%\n- 만기 후 1개월초과 3개월 이내 : 가입(또는 자동연장)시점 기본금리x30%\n- 만기 후 3개월 초과 : 0.20%",
    "spcl_cnd": "자동이체시 우대금리 제공 : 연 0.20%p\n - 제공조건 : 전체 계약월수의 1/2이상을 자동이체로 납입하고 만기 해지하는 경우\n - 유의사항 : 만기 자동연장된 원리금은 우대금리를 제공하지 않음",
    "join_deny": 1,
    "join_member": "만 17세 이상의 실명의 개인",
    "etc_note": "1. 가입방법 : 스마트폰\n2. 가입금액 : 1천원 이상(원단위)\n3. 가입기간 : 6개월 이상 ~ 36개월 이하(월, 일단위 지정 가능)\n4. 월 적립한도 : 1천원 이상 월 300만원 이하 원단위(단, 자동연장된 원리금은 월 적립한도에 포함되지 않음)",
    "max_limit": "없음",
    "dcls_strt_day": "20241120",
    "dcls_end_day": "없음",
    "fin_co_subm_day": "202411201122"
  }
},
{
  "model": "moneys.savingproduct",
  "pk": 53,
  "fields": {
    "dcls_month": "202411",
    "fin_co_no": "0015130",
    "kor_co_nm": "주식회사 카카오뱅크",
    "fin_prdt_cd": "10-01-30-355-0005",
    "fin_prdt_nm": "카카오뱅크 26주적금",
    "join_way": "스마트폰",
    "mtrt_int": "- 만기 후 1개월 이내 : 가입시점 기본금리x50%\n- 만기 후 1개월초과 3개월 이내 : 가입시점 기본금리x30%\n- 만기 후 3개월 초과 : 0.20%",
    "spcl_cnd": "자동이체 연속 성공 우대금리 제공 : 최고 연 3.00%p\n- 제공조건\n① 7주차까지 자동이체 납입을 연속 성공하고 만기해지 하는 경우 연 1.00%p 제공\n② 26주차까지 자동이체 납입을 연속 성공하고 만기해지 하는 경우 연 2.00%p 추가 제공\n- 유의사항 : 자동이체 실패한 주차를 빈자리채우기 하여도 성공으로 인정되지 않음",
    "join_deny": 1,
    "join_member": "만 17세 이상의 실명의 개인",
    "etc_note": "1. 가입방법 : 스마트폰\n2. 가입금액 : 1천원, 2천원, 3천원, 5천원, 1만원\n3. 가입기간 : 6개월\n4. 26주적금서비스(자동이체)를 통해서 납입이 가능하며, 그 외의 입금은 모두 제한됨\n(단, 26주적금 서비스를 통한 납입 실패 시 빈자리 채우기로 납입 가능)",
    "max_limit": "없음",
    "dcls_strt_day": "20241120",
    "dcls_end_day": "없음",
    "fin_co_subm_day": "202411201122"
  }
},
{
  "model": "moneys.savingproduct",
  "pk": 54,
  "fields": {
    "dcls_month": "202411",
    "fin_co_no": "0015130",
    "kor_co_nm": "주식회사 카카오뱅크",
    "fin_prdt_cd": "10-01-30-355-0006",
    "fin_prdt_nm": "카카오뱅크 한달적금",
    "join_way": "스마트폰",
    "mtrt_int": "- 만기 후 1개월 이내 : 가입시점 기본금리x50%\n- 만기 후 1개월초과 3개월 이내 : 가입시점 기본금리x30%\n- 만기 후 3개월 초과 : 0.20%",
    "spcl_cnd": "매일/보너스 우대금리 제공 : 최고 연 5.50%p\n- 제공조건\n① 매일 우대금리 : 매 입금 시 마다 연 0.10%p 제공(최대 연 3.10%p)\n② 보너스 우대금리 : 누적하여 5/10/15/20/25/31회 입금 시 해당 우대금리 제공(최대 연 2.40%p)\n- 유의사항 : 만기 해지하는 경우에만 제공",
    "join_deny": 1,
    "join_member": "만 17세 이상의 실명의 개인",
    "etc_note": "1. 가입방법 : 스마트폰\n2. 납입금액 : 1회 100원 이상 3만원 이하(원단위)\n3. 가입기간 : 31일\n4. 직접 납입을 통해서 1일 1회만 입금 가능하며, 그 외의 입금은 모두 제한됨",
    "max_limit": "없음",
    "dcls_strt_day": "20241120",
    "dcls_end_day": "없음",
    "fin_co_subm_day": "202411201122"
  }
},
{
  "model": "moneys.savingproduct",
  "pk": 55,
  "fields": {
    "dcls_month": "202411",
    "fin_co_no": "0017801",
    "kor_co_nm": "토스뱅크 주식회사",
    "fin_prdt_cd": "1001303001001",
    "fin_prdt_nm": "토스뱅크 키워봐요 적금",
    "join_way": "스마트폰",
    "mtrt_int": "· 만기 후 1개월 이내 : 만기시점 기본금리 X 50% \n· 만기 후 1개월 초과 3개월 이내 : 만기시점 기본금리 X 20% \n· 만기 후 3개월 초과 : 연 0.10%",
    "spcl_cnd": "· 적금 가입 시 설정되는 주 단위 자동이체를 통하여 25회 이상 적립한 경우 : 연 2.00% 제공",
    "join_deny": 1,
    "join_member": "· 토스뱅크 통장 또는 토스뱅크 서브 통장을 보유한 실명의 개인",
    "etc_note": "· 1인 1계좌 (단, 이벤트 등으로 토스뱅크가 복수의 계좌개설을 허용하는 경우 추가 개설 가능)\n· 가입금액 : 0원\n· 우대금리는 우대조건을 달성하고 만기 해지하는 경우에만 제공됨",
    "max_limit": "1000000",
    "dcls_strt_day": "20241120",
    "dcls_end_day": "99991231",
    "fin_co_subm_day": "202411200944"
  }
},
{
  "model": "moneys.savingproduct",
  "pk": 56,
  "fields": {
    "dcls_month": "202411",
    "fin_co_no": "0017801",
    "kor_co_nm": "토스뱅크 주식회사",
    "fin_prdt_cd": "1001303001003",
    "fin_prdt_nm": "토스뱅크 굴비 적금",
    "join_way": "스마트폰",
    "mtrt_int": "· 만기 후 1개월 이내 : 만기시점 기본금리 X 50% \n· 만기 후 1개월 초과 3개월 이내 : 만기시점 기본금리 X 20% \n· 만기 후 3개월 초과 : 연 0.10%",
    "spcl_cnd": "· 만기 해지 시 : 연 2.50% 제공",
    "join_deny": 1,
    "join_member": "· 토스뱅크 통장 또는 토스뱅크 서브 통장을 보유한 실명의 개인",
    "etc_note": "· 1인 1계좌 (단, 이벤트 등으로 토스뱅크가 복수의 계좌개설을 허용하는 경우 추가 개설 가능)\n· 가입금액 : 0원\n· 우대금리는 만기 해지하는 경우에만 제공됨",
    "max_limit": "300000",
    "dcls_strt_day": "20241120",
    "dcls_end_day": "99991231",
    "fin_co_subm_day": "202411200944"
  }
},
{
  "model": "moneys.savingproduct",
  "pk": 57,
  "fields": {
    "dcls_month": "202411",
    "fin_co_no": "0017801",
    "kor_co_nm": "토스뱅크 주식회사",
    "fin_prdt_cd": "1001303001004",
    "fin_prdt_nm": "토스뱅크 자유 적금",
    "join_way": "스마트폰",
    "mtrt_int": "· 만기 후 1개월 이내 : 만기시점 기본금리 X 50% \n· 만기 후 1개월 초과 3개월 이내 : 만기시점 기본금리 X 20% \n· 만기 후 3개월 초과 : 연 0.10%",
    "spcl_cnd": "· 적금 가입 시 설정되는 월 단위 자동이체를 모두 성공하는 경우 : 연 0.50% 제공",
    "join_deny": 1,
    "join_member": "· 토스뱅크 통장 또는 토스뱅크 서브 통장을 보유한 실명의 개인",
    "etc_note": "· 1인 1계좌 (단, 이벤트 등으로 토스뱅크가 복수의 계좌개설을 허용하는 경우 추가 개설 가능)\n· 가입금액 : 0원 이상 300만원 이하\n· 우대금리는 만기 해지하는 경우에만 제공됨",
    "max_limit": "3000000",
    "dcls_strt_day": "20241120",
    "dcls_end_day": "99991231",
    "fin_co_subm_day": "202411200944"
  }
},
{
  "model": "moneys.savingproduct",
  "pk": 58,
  "fields": {
    "dcls_month": "202411",
    "fin_co_no": "0017801",
    "kor_co_nm": "토스뱅크 주식회사",
    "fin_prdt_cd": "1001303001005",
    "fin_prdt_nm": "토스뱅크 아이 적금",
    "join_way": "스마트폰",
    "mtrt_int": "· 만기 후 1개월 이내 : 만기시점 기본금리 X 50% \n· 만기 후 1개월 초과 3개월 이내 : 만기시점 기본금리 X 20% \n· 만기 후 3개월 초과 : 연 0.10%",
    "spcl_cnd": "· 적금 가입 시 설정되는 월 단위 자동이체를 모두 성공하는 경우 : 연 2.50% 제공",
    "join_deny": 3,
    "join_member": "· 토스뱅크 아이 통장을 보유한 15세 이하 실명의 개인",
    "etc_note": "· 1인 1계좌 \n· 가입금액 : 0원\n· 우대금리는 만기 해지하는 경우에만 제공됨",
    "max_limit": "200000",
    "dcls_strt_day": "20241120",
    "dcls_end_day": "99991231",
    "fin_co_subm_day": "202411200944"
  }
},
{
  "model": "moneys.savingoption",
  "pk": 1,
  "fields": {
    "product": 1,
    "fin_prdt_cd": "WR0001F",
    "intr_rate_type": "S",
    "intr_rate_type_nm": "단리",
    "rsrv_type": "S",
    "rsrv_type_nm": "정액적립식",
    "save_trm": 12,
    "intr_rate": 2.8,
    "intr_rate2": 4.2
  }
},
{
  "model": "moneys.savingoption",
  "pk": 2,
  "fields": {
    "product": 1,
    "fin_prdt_cd": "WR0001F",
    "intr_rate_type": "S",
    "intr_rate_type_nm": "단리",
    "rsrv_type": "S",
    "rsrv_type_nm": "정액적립식",
    "save_trm": 24,
    "intr_rate": 2.8,
    "intr_rate2": 4.2
  }
},
{
  "model": "moneys.savingoption",
  "pk": 3,
  "fields": {
    "product": 1,
    "fin_prdt_cd": "WR0001F",
    "intr_rate_type": "S",
    "intr_rate_type_nm": "단리",
    "rsrv_type": "S",
    "rsrv_type_nm": "정액적립식",
    "save_trm": 36,
    "intr_rate": 2.8,
    "intr_rate2": 4.2
  }
},
{
  "model": "moneys.savingoption",
  "pk": 4,
  "fields": {
    "product": 1,
    "fin_prdt_cd": "WR0001F",
    "intr_rate_type": "S",
    "intr_rate_type_nm": "단리",
    "rsrv_type": "F",
    "rsrv_type_nm": "자유적립식",
    "save_trm": 12,
    "intr_rate": 2.6,
    "intr_rate2": 4.0
  }
},
{
  "model": "moneys.savingoption",
  "pk": 5,
  "fields": {
    "product": 1,
    "fin_prdt_cd": "WR0001F",
    "intr_rate_type": "S",
    "intr_rate_type_nm": "단리",
    "rsrv_type": "F",
    "rsrv_type_nm": "자유적립식",
    "save_trm": 24,
    "intr_rate": 2.6,
    "intr_rate2": 4.0
  }
},
{
  "model": "moneys.savingoption",
  "pk": 6,
  "fields": {
    "product": 1,
    "fin_prdt_cd": "WR0001F",
    "intr_rate_type": "S",
    "intr_rate_type_nm": "단리",
    "rsrv_type": "F",
    "rsrv_type_nm": "자유적립식",
    "save_trm": 36,
    "intr_rate": 2.6,
    "intr_rate2": 4.0
  }
},
{
  "model": "moneys.savingoption",
  "pk": 7,
  "fields": {
    "product": 2,
    "fin_prdt_cd": "WR0001L",
    "intr_rate_type": "S",
    "intr_rate_type_nm": "단리",
    "rsrv_type": "S",
    "rsrv_type_nm": "정액적립식",
    "save_trm": 12,
    "intr_rate": 3.7,
    "intr_rate2": 3.9
  }
},
{
  "model": "moneys.savingoption",
  "pk": 8,
  "fields": {
    "product": 3,
    "fin_prdt_cd": "00266451",
    "intr_rate_type": "S",
    "intr_rate_type_nm": "단리",
    "rsrv_type": "F",
    "rsrv_type_nm": "자유적립식",
    "save_trm": 36,
    "intr_rate": 3.25,
    "intr_rate2": 3.25
  }
},
{
  "model": "moneys.savingoption",
  "pk": 9,
  "fields": {
    "product": 3,
    "fin_prdt_cd": "00266451",
    "intr_rate_type": "S",
    "intr_rate_type_nm": "단리",
    "rsrv_type": "F",
    "rsrv_type_nm": "자유적립식",
    "save_trm": 24,
    "intr_rate": 3.2,
    "intr_rate2": 3.2
  }
},
{
  "model": "moneys.savingoption",
  "pk": 10,
  "fields": {
    "product": 3,
    "fin_prdt_cd": "00266451",
    "intr_rate_type": "S",
    "intr_rate_type_nm": "단리",
    "rsrv_type": "F",
    "rsrv_type_nm": "자유적립식",
    "save_trm": 12,
    "intr_rate": 3.15,
    "intr_rate2": 3.15
  }
},
{
  "model": "moneys.savingoption",
  "pk": 11,
  "fields": {
    "product": 3,
    "fin_prdt_cd": "00266451",
    "intr_rate_type": "S",
    "intr_rate_type_nm": "단리",
    "rsrv_type": "F",
    "rsrv_type_nm": "자유적립식",
    "save_trm": 6,
    "intr_rate": 2.9,
    "intr_rate2": 2.9
  }
},
{
  "model": "moneys.savingoption",
  "pk": 12,
  "fields": {
    "product": 3,
    "fin_prdt_cd": "00266451",
    "intr_rate_type": "S",
    "intr_rate_type_nm": "단리",
    "rsrv_type": "S",
    "rsrv_type_nm": "정액적립식",
    "save_trm": 36,
    "intr_rate": 3.4,
    "intr_rate2": 3.4
  }
},
{
  "model": "moneys.savingoption",
  "pk": 13,
  "fields": {
    "product": 3,
    "fin_prdt_cd": "00266451",
    "intr_rate_type": "S",
    "intr_rate_type_nm": "단리",
    "rsrv_type": "S",
    "rsrv_type_nm": "정액적립식",
    "save_trm": 24,
    "intr_rate": 3.35,
    "intr_rate2": 3.35
  }
},
{
  "model": "moneys.savingoption",
  "pk": 14,
  "fields": {
    "product": 3,
    "fin_prdt_cd": "00266451",
    "intr_rate_type": "S",
    "intr_rate_type_nm": "단리",
    "rsrv_type": "S",
    "rsrv_type_nm": "정액적립식",
    "save_trm": 12,
    "intr_rate": 3.3,
    "intr_rate2": 3.3
  }
},
{
  "model": "moneys.savingoption",
  "pk": 15,
  "fields": {
    "product": 3,
    "fin_prdt_cd": "00266451",
    "intr_rate_type": "S",
    "intr_rate_type_nm": "단리",
    "rsrv_type": "S",
    "rsrv_type_nm": "정액적립식",
    "save_trm": 6,
    "intr_rate": 3.0,
    "intr_rate2": 3.0
  }
},
{
  "model": "moneys.savingoption",
  "pk": 16,
  "fields": {
    "product": 4,
    "fin_prdt_cd": "10521001000846001",
    "intr_rate_type": "S",
    "intr_rate_type_nm": "단리",
    "rsrv_type": "S",
    "rsrv_type_nm": "정액적립식",
    "save_trm": 12,
    "intr_rate": 3.31,
    "intr_rate2": 3.86
  }
},
{
  "model": "moneys.savingoption",
  "pk": 17,
  "fields": {
    "product": 4,
    "fin_prdt_cd": "10521001000846001",
    "intr_rate_type": "S",
    "intr_rate_type_nm": "단리",
    "rsrv_type": "S",
    "rsrv_type_nm": "정액적립식",
    "save_trm": 24,
    "intr_rate": 3.18,
    "intr_rate2": 3.73
  }
},
{
  "model": "moneys.savingoption",
  "pk": 18,
  "fields": {
    "product": 4,
    "fin_prdt_cd": "10521001000846001",
    "intr_rate_type": "S",
    "intr_rate_type_nm": "단리",
    "rsrv_type": "S",
    "rsrv_type_nm": "정액적립식",
    "save_trm": 36,
    "intr_rate": 3.2,
    "intr_rate2": 3.75
  }
},
{
  "model": "moneys.savingoption",
  "pk": 19,
  "fields": {
    "product": 5,
    "fin_prdt_cd": "10527001000925000",
    "intr_rate_type": "S",
    "intr_rate_type_nm": "단리",
    "rsrv_type": "F",
    "rsrv_type_nm": "자유적립식",
    "save_trm": 12,
    "intr_rate": 3.51,
    "intr_rate2": 4.06
  }
},
{
  "model": "moneys.savingoption",
  "pk": 20,
  "fields": {
    "product": 6,
    "fin_prdt_cd": "10527001001272000",
    "intr_rate_type": "S",
    "intr_rate_type_nm": "단리",
    "rsrv_type": "F",
    "rsrv_type_nm": "자유적립식",
    "save_trm": 6,
    "intr_rate": 2.95,
    "intr_rate2": 3.75
  }
},
{
  "model": "moneys.savingoption",
  "pk": 21,
  "fields": {
    "product": 6,
    "fin_prdt_cd": "10527001001272000",
    "intr_rate_type": "S",
    "intr_rate_type_nm": "단리",
    "rsrv_type": "F",
    "rsrv_type_nm": "자유적립식",
    "save_trm": 12,
    "intr_rate": 3.65,
    "intr_rate2": 4.45
  }
},
{
  "model": "moneys.savingoption",
  "pk": 22,
  "fields": {
    "product": 7,
    "fin_prdt_cd": "10527001001278000",
    "intr_rate_type": "S",
    "intr_rate_type_nm": "단리",
    "rsrv_type": "F",
    "rsrv_type_nm": "자유적립식",
    "save_trm": 36,
    "intr_rate": 3.25,
    "intr_rate2": 3.7
  }
},
{
  "model": "moneys.savingoption",
  "pk": 23,
  "fields": {
    "product": 7,
    "fin_prdt_cd": "10527001001278000",
    "intr_rate_type": "S",
    "intr_rate_type_nm": "단리",
    "rsrv_type": "F",
    "rsrv_type_nm": "자유적립식",
    "save_trm": 24,
    "intr_rate": 3.2,
    "intr_rate2": 3.65
  }
},
{
  "model": "moneys.savingoption",
  "pk": 24,
  "fields": {
    "product": 7,
    "fin_prdt_cd": "10527001001278000",
    "intr_rate_type": "S",
    "intr_rate_type_nm": "단리",
    "rsrv_type": "F",
    "rsrv_type_nm": "자유적립식",
    "save_trm": 12,
    "intr_rate": 3.3,
    "intr_rate2": 3.75
  }
},
{
  "model": "moneys.savingoption",
  "pk": 25,
  "fields": {
    "product": 7,
    "fin_prdt_cd": "10527001001278000",
    "intr_rate_type": "S",
    "intr_rate_type_nm": "단리",
    "rsrv_type": "F",
    "rsrv_type_nm": "자유적립식",
    "save_trm": 6,
    "intr_rate": 2.65,
    "intr_rate2": 3.1
  }
},
{
  "model": "moneys.savingoption",
  "pk": 26,
  "fields": {
    "product": 8,
    "fin_prdt_cd": "01020400490002",
    "intr_rate_type": "S",
    "intr_rate_type_nm": "단리",
    "rsrv_type": "S",
    "rsrv_type_nm": "정액적립식",
    "save_trm": 6,
    "intr_rate": 2.7,
    "intr_rate2": 3.25
  }
},
{
  "model": "moneys.savingoption",
  "pk": 27,
  "fields": {
    "product": 8,
    "fin_prdt_cd": "01020400490002",
    "intr_rate_type": "S",
    "intr_rate_type_nm": "단리",
    "rsrv_type": "S",
    "rsrv_type_nm": "정액적립식",
    "save_trm": 12,
    "intr_rate": 2.8,
    "intr_rate2": 3.7
  }
},
{
  "model": "moneys.savingoption",
  "pk": 28,
  "fields": {
    "product": 9,
    "fin_prdt_cd": "01020400510001",
    "intr_rate_type": "S",
    "intr_rate_type_nm": "단리",
    "rsrv_type": "F",
    "rsrv_type_nm": "자유적립식",
    "save_trm": 6,
    "intr_rate": 2.9,
    "intr_rate2": 3.3
  }
},
{
  "model": "moneys.savingoption",
  "pk": 29,
  "fields": {
    "product": 9,
    "fin_prdt_cd": "01020400510001",
    "intr_rate_type": "S",
    "intr_rate_type_nm": "단리",
    "rsrv_type": "F",
    "rsrv_type_nm": "자유적립식",
    "save_trm": 12,
    "intr_rate": 3.0,
    "intr_rate2": 3.4
  }
},
{
  "model": "moneys.savingoption",
  "pk": 30,
  "fields": {
    "product": 9,
    "fin_prdt_cd": "01020400510001",
    "intr_rate_type": "S",
    "intr_rate_type_nm": "단리",
    "rsrv_type": "F",
    "rsrv_type_nm": "자유적립식",
    "save_trm": 24,
    "intr_rate": 2.5,
    "intr_rate2": 2.9
  }
},
{
  "model": "moneys.savingoption",
  "pk": 31,
  "fields": {
    "product": 9,
    "fin_prdt_cd": "01020400510001",
    "intr_rate_type": "S",
    "intr_rate_type_nm": "단리",
    "rsrv_type": "F",
    "rsrv_type_nm": "자유적립식",
    "save_trm": 36,
    "intr_rate": 2.5,
    "intr_rate2": 2.9
  }
},
{
  "model": "moneys.savingoption",
  "pk": 32,
  "fields": {
    "product": 10,
    "fin_prdt_cd": "01020400530001",
    "intr_rate_type": "S",
    "intr_rate_type_nm": "단리",
    "rsrv_type": "F",
    "rsrv_type_nm": "자유적립식",
    "save_trm": 36,
    "intr_rate": 2.5,
    "intr_rate2": 2.7
  }
},
{
  "model": "moneys.savingoption",
  "pk": 33,
  "fields": {
    "product": 10,
    "fin_prdt_cd": "01020400530001",
    "intr_rate_type": "S",
    "intr_rate_type_nm": "단리",
    "rsrv_type": "F",
    "rsrv_type_nm": "자유적립식",
    "save_trm": 24,
    "intr_rate": 2.5,
    "intr_rate2": 2.7
  }
},
{
  "model": "moneys.savingoption",
  "pk": 34,
  "fields": {
    "product": 10,
    "fin_prdt_cd": "01020400530001",
    "intr_rate_type": "S",
    "intr_rate_type_nm": "단리",
    "rsrv_type": "F",
    "rsrv_type_nm": "자유적립식",
    "save_trm": 12,
    "intr_rate": 3.0,
    "intr_rate2": 3.2
  }
},
{
  "model": "moneys.savingoption",
  "pk": 35,
  "fields": {
    "product": 10,
    "fin_prdt_cd": "01020400530001",
    "intr_rate_type": "S",
    "intr_rate_type_nm": "단리",
    "rsrv_type": "F",
    "rsrv_type_nm": "자유적립식",
    "save_trm": 6,
    "intr_rate": 2.9,
    "intr_rate2": 3.1
  }
},
{
  "model": "moneys.savingoption",
  "pk": 36,
  "fields": {
    "product": 11,
    "fin_prdt_cd": "01020400660001",
    "intr_rate_type": "S",
    "intr_rate_type_nm": "단리",
    "rsrv_type": "F",
    "rsrv_type_nm": "자유적립식",
    "save_trm": 1,
    "intr_rate": 2.8,
    "intr_rate2": 4.8
  }
},
{
  "model": "moneys.savingoption",
  "pk": 37,
  "fields": {
    "product": 11,
    "fin_prdt_cd": "01020400660001",
    "intr_rate_type": "S",
    "intr_rate_type_nm": "단리",
    "rsrv_type": "F",
    "rsrv_type_nm": "자유적립식",
    "save_trm": 3,
    "intr_rate": 2.8,
    "intr_rate2": 4.8
  }
},
{
  "model": "moneys.savingoption",
  "pk": 38,
  "fields": {
    "product": 11,
    "fin_prdt_cd": "01020400660001",
    "intr_rate_type": "S",
    "intr_rate_type_nm": "단리",
    "rsrv_type": "F",
    "rsrv_type_nm": "자유적립식",
    "save_trm": 6,
    "intr_rate": 2.8,
    "intr_rate2": 5.0
  }
},
{
  "model": "moneys.savingoption",
  "pk": 39,
  "fields": {
    "product": 11,
    "fin_prdt_cd": "01020400660001",
    "intr_rate_type": "S",
    "intr_rate_type_nm": "단리",
    "rsrv_type": "F",
    "rsrv_type_nm": "자유적립식",
    "save_trm": 12,
    "intr_rate": 2.8,
    "intr_rate2": 5.0
  }
},
{
  "model": "moneys.savingoption",
  "pk": 40,
  "fields": {
    "product": 12,
    "fin_prdt_cd": "1020400640001",
    "intr_rate_type": "S",
    "intr_rate_type_nm": "단리",
    "rsrv_type": "F",
    "rsrv_type_nm": "자유적립식",
    "save_trm": 12,
    "intr_rate": 2.0,
    "intr_rate2": 8.0
  }
},
{
  "model": "moneys.savingoption",
  "pk": 41,
  "fields": {
    "product": 12,
    "fin_prdt_cd": "1020400640001",
    "intr_rate_type": "S",
    "intr_rate_type_nm": "단리",
    "rsrv_type": "F",
    "rsrv_type_nm": "자유적립식",
    "save_trm": 24,
    "intr_rate": 2.0,
    "intr_rate2": 8.0
  }
},
{
  "model": "moneys.savingoption",
  "pk": 42,
  "fields": {
    "product": 13,
    "fin_prdt_cd": "TD11330029000",
    "intr_rate_type": "S",
    "intr_rate_type_nm": "단리",
    "rsrv_type": "F",
    "rsrv_type_nm": "자유적립식",
    "save_trm": 36,
    "intr_rate": 3.0,
    "intr_rate2": 4.2
  }
},
{
  "model": "moneys.savingoption",
  "pk": 43,
  "fields": {
    "product": 13,
    "fin_prdt_cd": "TD11330029000",
    "intr_rate_type": "S",
    "intr_rate_type_nm": "단리",
    "rsrv_type": "F",
    "rsrv_type_nm": "자유적립식",
    "save_trm": 24,
    "intr_rate": 2.9,
    "intr_rate2": 4.1
  }
},
{
  "model": "moneys.savingoption",
  "pk": 44,
  "fields": {
    "product": 13,
    "fin_prdt_cd": "TD11330029000",
    "intr_rate_type": "S",
    "intr_rate_type_nm": "단리",
    "rsrv_type": "F",
    "rsrv_type_nm": "자유적립식",
    "save_trm": 12,
    "intr_rate": 2.8,
    "intr_rate2": 4.0
  }
},
{
  "model": "moneys.savingoption",
  "pk": 45,
  "fields": {
    "product": 13,
    "fin_prdt_cd": "TD11330029000",
    "intr_rate_type": "S",
    "intr_rate_type_nm": "단리",
    "rsrv_type": "F",
    "rsrv_type_nm": "자유적립식",
    "save_trm": 6,
    "intr_rate": 2.7,
    "intr_rate2": 3.9
  }
},
{
  "model": "moneys.savingoption",
  "pk": 46,
  "fields": {
    "product": 13,
    "fin_prdt_cd": "TD11330029000",
    "intr_rate_type": "S",
    "intr_rate_type_nm": "단리",
    "rsrv_type": "S",
    "rsrv_type_nm": "정액적립식",
    "save_trm": 36,
    "intr_rate": 3.2,
    "intr_rate2": 4.4
  }
},
{
  "model": "moneys.savingoption",
  "pk": 47,
  "fields": {
    "product": 13,
    "fin_prdt_cd": "TD11330029000",
    "intr_rate_type": "S",
    "intr_rate_type_nm": "단리",
    "rsrv_type": "S",
    "rsrv_type_nm": "정액적립식",
    "save_trm": 24,
    "intr_rate": 3.1,
    "intr_rate2": 4.3
  }
},
{
  "model": "moneys.savingoption",
  "pk": 48,
  "fields": {
    "product": 13,
    "fin_prdt_cd": "TD11330029000",
    "intr_rate_type": "S",
    "intr_rate_type_nm": "단리",
    "rsrv_type": "S",
    "rsrv_type_nm": "정액적립식",
    "save_trm": 12,
    "intr_rate": 3.0,
    "intr_rate2": 4.2
  }
},
{
  "model": "moneys.savingoption",
  "pk": 49,
  "fields": {
    "product": 13,
    "fin_prdt_cd": "TD11330029000",
    "intr_rate_type": "S",
    "intr_rate_type_nm": "단리",
    "rsrv_type": "S",
    "rsrv_type_nm": "정액적립식",
    "save_trm": 6,
    "intr_rate": 2.9,
    "intr_rate2": 4.1
  }
},
{
  "model": "moneys.savingoption",
  "pk": 50,
  "fields": {
    "product": 14,
    "fin_prdt_cd": "TD11330030000",
    "intr_rate_type": "S",
    "intr_rate_type_nm": "단리",
    "rsrv_type": "S",
    "rsrv_type_nm": "정액적립식",
    "save_trm": 12,
    "intr_rate": 2.8,
    "intr_rate2": 4.7
  }
},
{
  "model": "moneys.savingoption",
  "pk": 51,
  "fields": {
    "product": 14,
    "fin_prdt_cd": "TD11330030000",
    "intr_rate_type": "S",
    "intr_rate_type_nm": "단리",
    "rsrv_type": "F",
    "rsrv_type_nm": "자유적립식",
    "save_trm": 12,
    "intr_rate": 2.6,
    "intr_rate2": 4.5
  }
},
{
  "model": "moneys.savingoption",
  "pk": 52,
  "fields": {
    "product": 15,
    "fin_prdt_cd": "TD11330031000",
    "intr_rate_type": "S",
    "intr_rate_type_nm": "단리",
    "rsrv_type": "S",
    "rsrv_type_nm": "정액적립식",
    "save_trm": 12,
    "intr_rate": 3.3,
    "intr_rate2": 3.8
  }
},
{
  "model": "moneys.savingoption",
  "pk": 53,
  "fields": {
    "product": 15,
    "fin_prdt_cd": "TD11330031000",
    "intr_rate_type": "S",
    "intr_rate_type_nm": "단리",
    "rsrv_type": "F",
    "rsrv_type_nm": "자유적립식",
    "save_trm": 12,
    "intr_rate": 3.0,
    "intr_rate2": 3.5
  }
},
{
  "model": "moneys.savingoption",
  "pk": 54,
  "fields": {
    "product": 16,
    "fin_prdt_cd": "220002101",
    "intr_rate_type": "S",
    "intr_rate_type_nm": "단리",
    "rsrv_type": "F",
    "rsrv_type_nm": "자유적립식",
    "save_trm": 12,
    "intr_rate": 3.25,
    "intr_rate2": 5.35
  }
},
{
  "model": "moneys.savingoption",
  "pk": 55,
  "fields": {
    "product": 16,
    "fin_prdt_cd": "220002101",
    "intr_rate_type": "S",
    "intr_rate_type_nm": "단리",
    "rsrv_type": "F",
    "rsrv_type_nm": "자유적립식",
    "save_trm": 6,
    "intr_rate": 2.95,
    "intr_rate2": 5.05
  }
},
{
  "model": "moneys.savingoption",
  "pk": 56,
  "fields": {
    "product": 17,
    "fin_prdt_cd": "220002501",
    "intr_rate_type": "S",
    "intr_rate_type_nm": "단리",
    "rsrv_type": "F",
    "rsrv_type_nm": "자유적립식",
    "save_trm": 12,
    "intr_rate": 3.6,
    "intr_rate2": 5.1
  }
},
{
  "model": "moneys.savingoption",
  "pk": 57,
  "fields": {
    "product": 17,
    "fin_prdt_cd": "220002501",
    "intr_rate_type": "S",
    "intr_rate_type_nm": "단리",
    "rsrv_type": "F",
    "rsrv_type_nm": "자유적립식",
    "save_trm": 24,
    "intr_rate": 3.8,
    "intr_rate2": 5.3
  }
},
{
  "model": "moneys.savingoption",
  "pk": 58,
  "fields": {
    "product": 18,
    "fin_prdt_cd": "220002701",
    "intr_rate_type": "S",
    "intr_rate_type_nm": "단리",
    "rsrv_type": "F",
    "rsrv_type_nm": "자유적립식",
    "save_trm": 6,
    "intr_rate": 2.1,
    "intr_rate2": 4.8
  }
},
{
  "model": "moneys.savingoption",
  "pk": 59,
  "fields": {
    "product": 18,
    "fin_prdt_cd": "220002701",
    "intr_rate_type": "S",
    "intr_rate_type_nm": "단리",
    "rsrv_type": "F",
    "rsrv_type_nm": "자유적립식",
    "save_trm": 12,
    "intr_rate": 2.3,
    "intr_rate2": 5.0
  }
},
{
  "model": "moneys.savingoption",
  "pk": 60,
  "fields": {
    "product": 19,
    "fin_prdt_cd": "10-01-30-031-0018-0000",
    "intr_rate_type": "S",
    "intr_rate_type_nm": "단리",
    "rsrv_type": "F",
    "rsrv_type_nm": "자유적립식",
    "save_trm": 12,
    "intr_rate": 3.35,
    "intr_rate2": 3.45
  }
},
{
  "model": "moneys.savingoption",
  "pk": 61,
  "fields": {
    "product": 19,
    "fin_prdt_cd": "10-01-30-031-0018-0000",
    "intr_rate_type": "S",
    "intr_rate_type_nm": "단리",
    "rsrv_type": "F",
    "rsrv_type_nm": "자유적립식",
    "save_trm": 24,
    "intr_rate": 3.45,
    "intr_rate2": 3.55
  }
},
{
  "model": "moneys.savingoption",
  "pk": 62,
  "fields": {
    "product": 19,
    "fin_prdt_cd": "10-01-30-031-0018-0000",
    "intr_rate_type": "S",
    "intr_rate_type_nm": "단리",
    "rsrv_type": "F",
    "rsrv_type_nm": "자유적립식",
    "save_trm": 36,
    "intr_rate": 3.45,
    "intr_rate2": 3.55
  }
},
{
  "model": "moneys.savingoption",
  "pk": 63,
  "fields": {
    "product": 20,
    "fin_prdt_cd": "10-01-30-031-0036",
    "intr_rate_type": "S",
    "intr_rate_type_nm": "단리",
    "rsrv_type": "S",
    "rsrv_type_nm": "정액적립식",
    "save_trm": 12,
    "intr_rate": 3.45,
    "intr_rate2": 3.55
  }
},
{
  "model": "moneys.savingoption",
  "pk": 64,
  "fields": {
    "product": 20,
    "fin_prdt_cd": "10-01-30-031-0036",
    "intr_rate_type": "S",
    "intr_rate_type_nm": "단리",
    "rsrv_type": "S",
    "rsrv_type_nm": "정액적립식",
    "save_trm": 24,
    "intr_rate": 3.55,
    "intr_rate2": 3.65
  }
},
{
  "model": "moneys.savingoption",
  "pk": 65,
  "fields": {
    "product": 20,
    "fin_prdt_cd": "10-01-30-031-0036",
    "intr_rate_type": "S",
    "intr_rate_type_nm": "단리",
    "rsrv_type": "S",
    "rsrv_type_nm": "정액적립식",
    "save_trm": 36,
    "intr_rate": 3.55,
    "intr_rate2": 3.65
  }
},
{
  "model": "moneys.savingoption",
  "pk": 66,
  "fields": {
    "product": 21,
    "fin_prdt_cd": "10-01-30-031-0049-0000",
    "intr_rate_type": "S",
    "intr_rate_type_nm": "단리",
    "rsrv_type": "S",
    "rsrv_type_nm": "정액적립식",
    "save_trm": 6,
    "intr_rate": 2.0,
    "intr_rate2": 6.0
  }
},
{
  "model": "moneys.savingoption",
  "pk": 67,
  "fields": {
    "product": 22,
    "fin_prdt_cd": "21000111",
    "intr_rate_type": "S",
    "intr_rate_type_nm": "단리",
    "rsrv_type": "S",
    "rsrv_type_nm": "정액적립식",
    "save_trm": 12,
    "intr_rate": 3.15,
    "intr_rate2": 4.15
  }
},
{
  "model": "moneys.savingoption",
  "pk": 68,
  "fields": {
    "product": 22,
    "fin_prdt_cd": "21000111",
    "intr_rate_type": "S",
    "intr_rate_type_nm": "단리",
    "rsrv_type": "S",
    "rsrv_type_nm": "정액적립식",
    "save_trm": 24,
    "intr_rate": 3.25,
    "intr_rate2": 4.25
  }
},
{
  "model": "moneys.savingoption",
  "pk": 69,
  "fields": {
    "product": 22,
    "fin_prdt_cd": "21000111",
    "intr_rate_type": "S",
    "intr_rate_type_nm": "단리",
    "rsrv_type": "S",
    "rsrv_type_nm": "정액적립식",
    "save_trm": 36,
    "intr_rate": 3.35,
    "intr_rate2": 4.35
  }
},
{
  "model": "moneys.savingoption",
  "pk": 70,
  "fields": {
    "product": 23,
    "fin_prdt_cd": "21001116",
    "intr_rate_type": "S",
    "intr_rate_type_nm": "단리",
    "rsrv_type": "F",
    "rsrv_type_nm": "자유적립식",
    "save_trm": 6,
    "intr_rate": 3.35,
    "intr_rate2": 4.05
  }
},
{
  "model": "moneys.savingoption",
  "pk": 71,
  "fields": {
    "product": 23,
    "fin_prdt_cd": "21001116",
    "intr_rate_type": "S",
    "intr_rate_type_nm": "단리",
    "rsrv_type": "F",
    "rsrv_type_nm": "자유적립식",
    "save_trm": 12,
    "intr_rate": 3.45,
    "intr_rate2": 4.15
  }
},
{
  "model": "moneys.savingoption",
  "pk": 72,
  "fields": {
    "product": 23,
    "fin_prdt_cd": "21001116",
    "intr_rate_type": "S",
    "intr_rate_type_nm": "단리",
    "rsrv_type": "F",
    "rsrv_type_nm": "자유적립식",
    "save_trm": 24,
    "intr_rate": 3.55,
    "intr_rate2": 4.25
  }
},
{
  "model": "moneys.savingoption",
  "pk": 73,
  "fields": {
    "product": 24,
    "fin_prdt_cd": "21001199",
    "intr_rate_type": "S",
    "intr_rate_type_nm": "단리",
    "rsrv_type": "F",
    "rsrv_type_nm": "자유적립식",
    "save_trm": 36,
    "intr_rate": 2.55,
    "intr_rate2": 5.05
  }
},
{
  "model": "moneys.savingoption",
  "pk": 74,
  "fields": {
    "product": 24,
    "fin_prdt_cd": "21001199",
    "intr_rate_type": "S",
    "intr_rate_type_nm": "단리",
    "rsrv_type": "F",
    "rsrv_type_nm": "자유적립식",
    "save_trm": 24,
    "intr_rate": 2.55,
    "intr_rate2": 5.05
  }
},
{
  "model": "moneys.savingoption",
  "pk": 75,
  "fields": {
    "product": 24,
    "fin_prdt_cd": "21001199",
    "intr_rate_type": "S",
    "intr_rate_type_nm": "단리",
    "rsrv_type": "F",
    "rsrv_type_nm": "자유적립식",
    "save_trm": 12,
    "intr_rate": 2.55,
    "intr_rate2": 5.05
  }
},
{
  "model": "moneys.savingoption",
  "pk": 76,
  "fields": {
    "product": 24,
    "fin_prdt_cd": "21001199",
    "intr_rate_type": "S",
    "intr_rate_type_nm": "단리",
    "rsrv_type": "F",
    "rsrv_type_nm": "자유적립식",
    "save_trm": 6,
    "intr_rate": 2.25,
    "intr_rate2": 4.75
  }
},
{
  "model": "moneys.savingoption",
  "pk": 77,
  "fields": {
    "product": 24,
    "fin_prdt_cd": "21001199",
    "intr_rate_type": "S",
    "intr_rate_type_nm": "단리",
    "rsrv_type": "F",
    "rsrv_type_nm": "자유적립식",
    "save_trm": 1,
    "intr_rate": 2.2,
    "intr_rate2": 4.7
  }
},
{
  "model": "moneys.savingoption",
  "pk": 78,
  "fields": {
    "product": 25,
    "fin_prdt_cd": "21001236",
    "intr_rate_type": "S",
    "intr_rate_type_nm": "단리",
    "rsrv_type": "S",
    "rsrv_type_nm": "정액적립식",
    "save_trm": 12,
    "intr_rate": 3.3,
    "intr_rate2": 4.9
  }
},
{
  "model": "moneys.savingoption",
  "pk": 79,
  "fields": {
    "product": 25,
    "fin_prdt_cd": "21001236",
    "intr_rate_type": "S",
    "intr_rate_type_nm": "단리",
    "rsrv_type": "S",
    "rsrv_type_nm": "정액적립식",
    "save_trm": 24,
    "intr_rate": 3.35,
    "intr_rate2": 4.95
  }
},
{
  "model": "moneys.savingoption",
  "pk": 80,
  "fields": {
    "product": 25,
    "fin_prdt_cd": "21001236",
    "intr_rate_type": "S",
    "intr_rate_type_nm": "단리",
    "rsrv_type": "S",
    "rsrv_type_nm": "정액적립식",
    "save_trm": 36,
    "intr_rate": 3.4,
    "intr_rate2": 5.0
  }
},
{
  "model": "moneys.savingoption",
  "pk": 81,
  "fields": {
    "product": 26,
    "fin_prdt_cd": "21001259",
    "intr_rate_type": "S",
    "intr_rate_type_nm": "단리",
    "rsrv_type": "F",
    "rsrv_type_nm": "자유적립식",
    "save_trm": 1,
    "intr_rate": 3.45,
    "intr_rate2": 5.2
  }
},
{
  "model": "moneys.savingoption",
  "pk": 82,
  "fields": {
    "product": 26,
    "fin_prdt_cd": "21001259",
    "intr_rate_type": "S",
    "intr_rate_type_nm": "단리",
    "rsrv_type": "F",
    "rsrv_type_nm": "자유적립식",
    "save_trm": 3,
    "intr_rate": 3.45,
    "intr_rate2": 5.2
  }
},
{
  "model": "moneys.savingoption",
  "pk": 83,
  "fields": {
    "product": 26,
    "fin_prdt_cd": "21001259",
    "intr_rate_type": "S",
    "intr_rate_type_nm": "단리",
    "rsrv_type": "F",
    "rsrv_type_nm": "자유적립식",
    "save_trm": 6,
    "intr_rate": 3.45,
    "intr_rate2": 5.2
  }
},
{
  "model": "moneys.savingoption",
  "pk": 84,
  "fields": {
    "product": 27,
    "fin_prdt_cd": "21001268",
    "intr_rate_type": "S",
    "intr_rate_type_nm": "단리",
    "rsrv_type": "F",
    "rsrv_type_nm": "자유적립식",
    "save_trm": 1,
    "intr_rate": 2.2,
    "intr_rate2": 7.7
  }
},
{
  "model": "moneys.savingoption",
  "pk": 85,
  "fields": {
    "product": 28,
    "fin_prdt_cd": "01211210113",
    "intr_rate_type": "S",
    "intr_rate_type_nm": "단리",
    "rsrv_type": "F",
    "rsrv_type_nm": "자유적립식",
    "save_trm": 12,
    "intr_rate": 3.3,
    "intr_rate2": 4.8
  }
},
{
  "model": "moneys.savingoption",
  "pk": 86,
  "fields": {
    "product": 28,
    "fin_prdt_cd": "01211210113",
    "intr_rate_type": "S",
    "intr_rate_type_nm": "단리",
    "rsrv_type": "F",
    "rsrv_type_nm": "자유적립식",
    "save_trm": 6,
    "intr_rate": 3.1,
    "intr_rate2": 4.6
  }
},
{
  "model": "moneys.savingoption",
  "pk": 87,
  "fields": {
    "product": 28,
    "fin_prdt_cd": "01211210113",
    "intr_rate_type": "S",
    "intr_rate_type_nm": "단리",
    "rsrv_type": "F",
    "rsrv_type_nm": "자유적립식",
    "save_trm": 3,
    "intr_rate": 2.9,
    "intr_rate2": 4.4
  }
},
{
  "model": "moneys.savingoption",
  "pk": 88,
  "fields": {
    "product": 28,
    "fin_prdt_cd": "01211210113",
    "intr_rate_type": "S",
    "intr_rate_type_nm": "단리",
    "rsrv_type": "F",
    "rsrv_type_nm": "자유적립식",
    "save_trm": 1,
    "intr_rate": 2.9,
    "intr_rate2": 4.4
  }
},
{
  "model": "moneys.savingoption",
  "pk": 89,
  "fields": {
    "product": 29,
    "fin_prdt_cd": "01211210121",
    "intr_rate_type": "S",
    "intr_rate_type_nm": "단리",
    "rsrv_type": "F",
    "rsrv_type_nm": "자유적립식",
    "save_trm": 12,
    "intr_rate": 2.5,
    "intr_rate2": 4.5
  }
},
{
  "model": "moneys.savingoption",
  "pk": 90,
  "fields": {
    "product": 30,
    "fin_prdt_cd": "01211210122",
    "intr_rate_type": "S",
    "intr_rate_type_nm": "단리",
    "rsrv_type": "F",
    "rsrv_type_nm": "자유적립식",
    "save_trm": 12,
    "intr_rate": 3.5,
    "intr_rate2": 5.7
  }
},
{
  "model": "moneys.savingoption",
  "pk": 91,
  "fields": {
    "product": 31,
    "fin_prdt_cd": "03101",
    "intr_rate_type": "S",
    "intr_rate_type_nm": "단리",
    "rsrv_type": "S",
    "rsrv_type_nm": "정액적립식",
    "save_trm": 6,
    "intr_rate": 2.54,
    "intr_rate2": 2.54
  }
},
{
  "model": "moneys.savingoption",
  "pk": 92,
  "fields": {
    "product": 31,
    "fin_prdt_cd": "03101",
    "intr_rate_type": "S",
    "intr_rate_type_nm": "단리",
    "rsrv_type": "S",
    "rsrv_type_nm": "정액적립식",
    "save_trm": 12,
    "intr_rate": 2.48,
    "intr_rate2": 2.48
  }
},
{
  "model": "moneys.savingoption",
  "pk": 93,
  "fields": {
    "product": 31,
    "fin_prdt_cd": "03101",
    "intr_rate_type": "S",
    "intr_rate_type_nm": "단리",
    "rsrv_type": "S",
    "rsrv_type_nm": "정액적립식",
    "save_trm": 24,
    "intr_rate": 2.31,
    "intr_rate2": 2.31
  }
},
{
  "model": "moneys.savingoption",
  "pk": 94,
  "fields": {
    "product": 31,
    "fin_prdt_cd": "03101",
    "intr_rate_type": "S",
    "intr_rate_type_nm": "단리",
    "rsrv_type": "S",
    "rsrv_type_nm": "정액적립식",
    "save_trm": 36,
    "intr_rate": 2.29,
    "intr_rate2": 2.29
  }
},
{
  "model": "moneys.savingoption",
  "pk": 95,
  "fields": {
    "product": 32,
    "fin_prdt_cd": "03700",
    "intr_rate_type": "S",
    "intr_rate_type_nm": "단리",
    "rsrv_type": "F",
    "rsrv_type_nm": "자유적립식",
    "save_trm": 36,
    "intr_rate": 2.74,
    "intr_rate2": 2.74
  }
},
{
  "model": "moneys.savingoption",
  "pk": 96,
  "fields": {
    "product": 32,
    "fin_prdt_cd": "03700",
    "intr_rate_type": "S",
    "intr_rate_type_nm": "단리",
    "rsrv_type": "F",
    "rsrv_type_nm": "자유적립식",
    "save_trm": 24,
    "intr_rate": 2.76,
    "intr_rate2": 2.76
  }
},
{
  "model": "moneys.savingoption",
  "pk": 97,
  "fields": {
    "product": 32,
    "fin_prdt_cd": "03700",
    "intr_rate_type": "S",
    "intr_rate_type_nm": "단리",
    "rsrv_type": "F",
    "rsrv_type_nm": "자유적립식",
    "save_trm": 12,
    "intr_rate": 3.08,
    "intr_rate2": 3.08
  }
},
{
  "model": "moneys.savingoption",
  "pk": 98,
  "fields": {
    "product": 32,
    "fin_prdt_cd": "03700",
    "intr_rate_type": "S",
    "intr_rate_type_nm": "단리",
    "rsrv_type": "F",
    "rsrv_type_nm": "자유적립식",
    "save_trm": 6,
    "intr_rate": 2.94,
    "intr_rate2": 2.94
  }
},
{
  "model": "moneys.savingoption",
  "pk": 99,
  "fields": {
    "product": 32,
    "fin_prdt_cd": "03700",
    "intr_rate_type": "S",
    "intr_rate_type_nm": "단리",
    "rsrv_type": "F",
    "rsrv_type_nm": "자유적립식",
    "save_trm": 3,
    "intr_rate": 2.68,
    "intr_rate2": 2.68
  }
},
{
  "model": "moneys.savingoption",
  "pk": 100,
  "fields": {
    "product": 32,
    "fin_prdt_cd": "03700",
    "intr_rate_type": "S",
    "intr_rate_type_nm": "단리",
    "rsrv_type": "F",
    "rsrv_type_nm": "자유적립식",
    "save_trm": 1,
    "intr_rate": 2.68,
    "intr_rate2": 2.68
  }
},
{
  "model": "moneys.savingoption",
  "pk": 101,
  "fields": {
    "product": 33,
    "fin_prdt_cd": "010200100051",
    "intr_rate_type": "S",
    "intr_rate_type_nm": "단리",
    "rsrv_type": "S",
    "rsrv_type_nm": "정액적립식",
    "save_trm": 12,
    "intr_rate": 2.5,
    "intr_rate2": 3.4
  }
},
{
  "model": "moneys.savingoption",
  "pk": 102,
  "fields": {
    "product": 33,
    "fin_prdt_cd": "010200100051",
    "intr_rate_type": "S",
    "intr_rate_type_nm": "단리",
    "rsrv_type": "S",
    "rsrv_type_nm": "정액적립식",
    "save_trm": 24,
    "intr_rate": 2.7,
    "intr_rate2": 3.7
  }
},
{
  "model": "moneys.savingoption",
  "pk": 103,
  "fields": {
    "product": 33,
    "fin_prdt_cd": "010200100051",
    "intr_rate_type": "S",
    "intr_rate_type_nm": "단리",
    "rsrv_type": "S",
    "rsrv_type_nm": "정액적립식",
    "save_trm": 36,
    "intr_rate": 2.8,
    "intr_rate2": 4.0
  }
},
{
  "model": "moneys.savingoption",
  "pk": 104,
  "fields": {
    "product": 34,
    "fin_prdt_cd": "010200100084",
    "intr_rate_type": "S",
    "intr_rate_type_nm": "단리",
    "rsrv_type": "F",
    "rsrv_type_nm": "자유적립식",
    "save_trm": 12,
    "intr_rate": 2.55,
    "intr_rate2": 3.35
  }
},
{
  "model": "moneys.savingoption",
  "pk": 105,
  "fields": {
    "product": 34,
    "fin_prdt_cd": "010200100084",
    "intr_rate_type": "S",
    "intr_rate_type_nm": "단리",
    "rsrv_type": "F",
    "rsrv_type_nm": "자유적립식",
    "save_trm": 24,
    "intr_rate": 2.75,
    "intr_rate2": 3.65
  }
},
{
  "model": "moneys.savingoption",
  "pk": 106,
  "fields": {
    "product": 34,
    "fin_prdt_cd": "010200100084",
    "intr_rate_type": "S",
    "intr_rate_type_nm": "단리",
    "rsrv_type": "F",
    "rsrv_type_nm": "자유적립식",
    "save_trm": 36,
    "intr_rate": 3.05,
    "intr_rate2": 4.05
  }
},
{
  "model": "moneys.savingoption",
  "pk": 107,
  "fields": {
    "product": 35,
    "fin_prdt_cd": "010200100092",
    "intr_rate_type": "S",
    "intr_rate_type_nm": "단리",
    "rsrv_type": "F",
    "rsrv_type_nm": "자유적립식",
    "save_trm": 36,
    "intr_rate": 3.25,
    "intr_rate2": 4.75
  }
},
{
  "model": "moneys.savingoption",
  "pk": 108,
  "fields": {
    "product": 35,
    "fin_prdt_cd": "010200100092",
    "intr_rate_type": "S",
    "intr_rate_type_nm": "단리",
    "rsrv_type": "F",
    "rsrv_type_nm": "자유적립식",
    "save_trm": 24,
    "intr_rate": 3.05,
    "intr_rate2": 4.55
  }
},
{
  "model": "moneys.savingoption",
  "pk": 109,
  "fields": {
    "product": 35,
    "fin_prdt_cd": "010200100092",
    "intr_rate_type": "S",
    "intr_rate_type_nm": "단리",
    "rsrv_type": "F",
    "rsrv_type_nm": "자유적립식",
    "save_trm": 12,
    "intr_rate": 2.75,
    "intr_rate2": 4.25
  }
},
{
  "model": "moneys.savingoption",
  "pk": 110,
  "fields": {
    "product": 36,
    "fin_prdt_cd": "010200100104",
    "intr_rate_type": "S",
    "intr_rate_type_nm": "단리",
    "rsrv_type": "F",
    "rsrv_type_nm": "자유적립식",
    "save_trm": 1,
    "intr_rate": 2.0,
    "intr_rate2": 6.0
  }
},
{
  "model": "moneys.savingoption",
  "pk": 111,
  "fields": {
    "product": 36,
    "fin_prdt_cd": "010200100104",
    "intr_rate_type": "S",
    "intr_rate_type_nm": "단리",
    "rsrv_type": "F",
    "rsrv_type_nm": "자유적립식",
    "save_trm": 3,
    "intr_rate": 2.0,
    "intr_rate2": 6.0
  }
},
{
  "model": "moneys.savingoption",
  "pk": 112,
  "fields": {
    "product": 36,
    "fin_prdt_cd": "010200100104",
    "intr_rate_type": "S",
    "intr_rate_type_nm": "단리",
    "rsrv_type": "F",
    "rsrv_type_nm": "자유적립식",
    "save_trm": 6,
    "intr_rate": 2.0,
    "intr_rate2": 6.0
  }
},
{
  "model": "moneys.savingoption",
  "pk": 113,
  "fields": {
    "product": 37,
    "fin_prdt_cd": "010200100109",
    "intr_rate_type": "S",
    "intr_rate_type_nm": "단리",
    "rsrv_type": "F",
    "rsrv_type_nm": "자유적립식",
    "save_trm": 12,
    "intr_rate": 2.5,
    "intr_rate2": 8.0
  }
},
{
  "model": "moneys.savingoption",
  "pk": 114,
  "fields": {
    "product": 38,
    "fin_prdt_cd": "230-0119-85",
    "intr_rate_type": "S",
    "intr_rate_type_nm": "단리",
    "rsrv_type": "F",
    "rsrv_type_nm": "자유적립식",
    "save_trm": 12,
    "intr_rate": 2.9,
    "intr_rate2": 4.2
  }
},
{
  "model": "moneys.savingoption",
  "pk": 115,
  "fields": {
    "product": 38,
    "fin_prdt_cd": "230-0119-85",
    "intr_rate_type": "S",
    "intr_rate_type_nm": "단리",
    "rsrv_type": "F",
    "rsrv_type_nm": "자유적립식",
    "save_trm": 24,
    "intr_rate": 2.95,
    "intr_rate2": 4.25
  }
},
{
  "model": "moneys.savingoption",
  "pk": 116,
  "fields": {
    "product": 38,
    "fin_prdt_cd": "230-0119-85",
    "intr_rate_type": "S",
    "intr_rate_type_nm": "단리",
    "rsrv_type": "F",
    "rsrv_type_nm": "자유적립식",
    "save_trm": 36,
    "intr_rate": 3.0,
    "intr_rate2": 4.3
  }
},
{
  "model": "moneys.savingoption",
  "pk": 117,
  "fields": {
    "product": 39,
    "fin_prdt_cd": "10-047-1360-0002",
    "intr_rate_type": "S",
    "intr_rate_type_nm": "단리",
    "rsrv_type": "F",
    "rsrv_type_nm": "자유적립식",
    "save_trm": 6,
    "intr_rate": 2.75,
    "intr_rate2": 4.45
  }
},
{
  "model": "moneys.savingoption",
  "pk": 118,
  "fields": {
    "product": 39,
    "fin_prdt_cd": "10-047-1360-0002",
    "intr_rate_type": "S",
    "intr_rate_type_nm": "단리",
    "rsrv_type": "F",
    "rsrv_type_nm": "자유적립식",
    "save_trm": 3,
    "intr_rate": 2.55,
    "intr_rate2": 4.25
  }
},
{
  "model": "moneys.savingoption",
  "pk": 119,
  "fields": {
    "product": 39,
    "fin_prdt_cd": "10-047-1360-0002",
    "intr_rate_type": "S",
    "intr_rate_type_nm": "단리",
    "rsrv_type": "F",
    "rsrv_type_nm": "자유적립식",
    "save_trm": 1,
    "intr_rate": 2.45,
    "intr_rate2": 4.15
  }
},
{
  "model": "moneys.savingoption",
  "pk": 120,
  "fields": {
    "product": 40,
    "fin_prdt_cd": "10-047-1365-0001",
    "intr_rate_type": "M",
    "intr_rate_type_nm": "복리",
    "rsrv_type": "F",
    "rsrv_type_nm": "자유적립식",
    "save_trm": 6,
    "intr_rate": 2.75,
    "intr_rate2": 6.25
  }
},
{
  "model": "moneys.savingoption",
  "pk": 121,
  "fields": {
    "product": 40,
    "fin_prdt_cd": "10-047-1365-0001",
    "intr_rate_type": "M",
    "intr_rate_type_nm": "복리",
    "rsrv_type": "F",
    "rsrv_type_nm": "자유적립식",
    "save_trm": 12,
    "intr_rate": 2.85,
    "intr_rate2": 6.35
  }
},
{
  "model": "moneys.savingoption",
  "pk": 122,
  "fields": {
    "product": 40,
    "fin_prdt_cd": "10-047-1365-0001",
    "intr_rate_type": "M",
    "intr_rate_type_nm": "복리",
    "rsrv_type": "F",
    "rsrv_type_nm": "자유적립식",
    "save_trm": 24,
    "intr_rate": 2.9,
    "intr_rate2": 6.4
  }
},
{
  "model": "moneys.savingoption",
  "pk": 123,
  "fields": {
    "product": 41,
    "fin_prdt_cd": "10-047-1381-0001",
    "intr_rate_type": "S",
    "intr_rate_type_nm": "단리",
    "rsrv_type": "F",
    "rsrv_type_nm": "자유적립식",
    "save_trm": 12,
    "intr_rate": 2.85,
    "intr_rate2": 3.85
  }
},
{
  "model": "moneys.savingoption",
  "pk": 124,
  "fields": {
    "product": 41,
    "fin_prdt_cd": "10-047-1381-0001",
    "intr_rate_type": "S",
    "intr_rate_type_nm": "단리",
    "rsrv_type": "F",
    "rsrv_type_nm": "자유적립식",
    "save_trm": 24,
    "intr_rate": 2.9,
    "intr_rate2": 3.9
  }
},
{
  "model": "moneys.savingoption",
  "pk": 125,
  "fields": {
    "product": 41,
    "fin_prdt_cd": "10-047-1381-0001",
    "intr_rate_type": "S",
    "intr_rate_type_nm": "단리",
    "rsrv_type": "F",
    "rsrv_type_nm": "자유적립식",
    "save_trm": 36,
    "intr_rate": 3.0,
    "intr_rate2": 4.0
  }
},
{
  "model": "moneys.savingoption",
  "pk": 126,
  "fields": {
    "product": 42,
    "fin_prdt_cd": "10-047-1387-0001",
    "intr_rate_type": "S",
    "intr_rate_type_nm": "단리",
    "rsrv_type": "F",
    "rsrv_type_nm": "자유적립식",
    "save_trm": 12,
    "intr_rate": 3.15,
    "intr_rate2": 4.15
  }
},
{
  "model": "moneys.savingoption",
  "pk": 127,
  "fields": {
    "product": 42,
    "fin_prdt_cd": "10-047-1387-0001",
    "intr_rate_type": "S",
    "intr_rate_type_nm": "단리",
    "rsrv_type": "F",
    "rsrv_type_nm": "자유적립식",
    "save_trm": 24,
    "intr_rate": 3.2,
    "intr_rate2": 4.2
  }
},
{
  "model": "moneys.savingoption",
  "pk": 128,
  "fields": {
    "product": 42,
    "fin_prdt_cd": "10-047-1387-0001",
    "intr_rate_type": "S",
    "intr_rate_type_nm": "단리",
    "rsrv_type": "F",
    "rsrv_type_nm": "자유적립식",
    "save_trm": 36,
    "intr_rate": 3.3,
    "intr_rate2": 4.3
  }
},
{
  "model": "moneys.savingoption",
  "pk": 129,
  "fields": {
    "product": 43,
    "fin_prdt_cd": "10-059-1264-0001",
    "intr_rate_type": "M",
    "intr_rate_type_nm": "복리",
    "rsrv_type": "F",
    "rsrv_type_nm": "자유적립식",
    "save_trm": 36,
    "intr_rate": 3.12,
    "intr_rate2": 3.92
  }
},
{
  "model": "moneys.savingoption",
  "pk": 130,
  "fields": {
    "product": 43,
    "fin_prdt_cd": "10-059-1264-0001",
    "intr_rate_type": "M",
    "intr_rate_type_nm": "복리",
    "rsrv_type": "F",
    "rsrv_type_nm": "자유적립식",
    "save_trm": 24,
    "intr_rate": 3.07,
    "intr_rate2": 3.87
  }
},
{
  "model": "moneys.savingoption",
  "pk": 131,
  "fields": {
    "product": 43,
    "fin_prdt_cd": "10-059-1264-0001",
    "intr_rate_type": "M",
    "intr_rate_type_nm": "복리",
    "rsrv_type": "F",
    "rsrv_type_nm": "자유적립식",
    "save_trm": 12,
    "intr_rate": 3.2,
    "intr_rate2": 4.0
  }
},
{
  "model": "moneys.savingoption",
  "pk": 132,
  "fields": {
    "product": 44,
    "fin_prdt_cd": "52",
    "intr_rate_type": "M",
    "intr_rate_type_nm": "복리",
    "rsrv_type": "F",
    "rsrv_type_nm": "자유적립식",
    "save_trm": 12,
    "intr_rate": 3.3,
    "intr_rate2": 4.3
  }
},
{
  "model": "moneys.savingoption",
  "pk": 133,
  "fields": {
    "product": 44,
    "fin_prdt_cd": "52",
    "intr_rate_type": "M",
    "intr_rate_type_nm": "복리",
    "rsrv_type": "F",
    "rsrv_type_nm": "자유적립식",
    "save_trm": 24,
    "intr_rate": 3.4,
    "intr_rate2": 4.4
  }
},
{
  "model": "moneys.savingoption",
  "pk": 134,
  "fields": {
    "product": 44,
    "fin_prdt_cd": "52",
    "intr_rate_type": "M",
    "intr_rate_type_nm": "복리",
    "rsrv_type": "F",
    "rsrv_type_nm": "자유적립식",
    "save_trm": 36,
    "intr_rate": 3.5,
    "intr_rate2": 4.5
  }
},
{
  "model": "moneys.savingoption",
  "pk": 135,
  "fields": {
    "product": 45,
    "fin_prdt_cd": "53",
    "intr_rate_type": "S",
    "intr_rate_type_nm": "단리",
    "rsrv_type": "F",
    "rsrv_type_nm": "자유적립식",
    "save_trm": 36,
    "intr_rate": 2.5,
    "intr_rate2": 3.0
  }
},
{
  "model": "moneys.savingoption",
  "pk": 136,
  "fields": {
    "product": 45,
    "fin_prdt_cd": "53",
    "intr_rate_type": "S",
    "intr_rate_type_nm": "단리",
    "rsrv_type": "F",
    "rsrv_type_nm": "자유적립식",
    "save_trm": 24,
    "intr_rate": 2.4,
    "intr_rate2": 2.9
  }
},
{
  "model": "moneys.savingoption",
  "pk": 137,
  "fields": {
    "product": 45,
    "fin_prdt_cd": "53",
    "intr_rate_type": "S",
    "intr_rate_type_nm": "단리",
    "rsrv_type": "F",
    "rsrv_type_nm": "자유적립식",
    "save_trm": 12,
    "intr_rate": 2.3,
    "intr_rate2": 2.8
  }
},
{
  "model": "moneys.savingoption",
  "pk": 138,
  "fields": {
    "product": 45,
    "fin_prdt_cd": "53",
    "intr_rate_type": "S",
    "intr_rate_type_nm": "단리",
    "rsrv_type": "F",
    "rsrv_type_nm": "자유적립식",
    "save_trm": 6,
    "intr_rate": 2.2,
    "intr_rate2": 2.7
  }
},
{
  "model": "moneys.savingoption",
  "pk": 139,
  "fields": {
    "product": 45,
    "fin_prdt_cd": "53",
    "intr_rate_type": "S",
    "intr_rate_type_nm": "단리",
    "rsrv_type": "S",
    "rsrv_type_nm": "정액적립식",
    "save_trm": 36,
    "intr_rate": 2.8,
    "intr_rate2": 3.3
  }
},
{
  "model": "moneys.savingoption",
  "pk": 140,
  "fields": {
    "product": 45,
    "fin_prdt_cd": "53",
    "intr_rate_type": "S",
    "intr_rate_type_nm": "단리",
    "rsrv_type": "S",
    "rsrv_type_nm": "정액적립식",
    "save_trm": 24,
    "intr_rate": 2.7,
    "intr_rate2": 3.2
  }
},
{
  "model": "moneys.savingoption",
  "pk": 141,
  "fields": {
    "product": 45,
    "fin_prdt_cd": "53",
    "intr_rate_type": "S",
    "intr_rate_type_nm": "단리",
    "rsrv_type": "S",
    "rsrv_type_nm": "정액적립식",
    "save_trm": 12,
    "intr_rate": 2.6,
    "intr_rate2": 3.1
  }
},
{
  "model": "moneys.savingoption",
  "pk": 142,
  "fields": {
    "product": 45,
    "fin_prdt_cd": "53",
    "intr_rate_type": "S",
    "intr_rate_type_nm": "단리",
    "rsrv_type": "S",
    "rsrv_type_nm": "정액적립식",
    "save_trm": 6,
    "intr_rate": 2.5,
    "intr_rate2": 3.0
  }
},
{
  "model": "moneys.savingoption",
  "pk": 143,
  "fields": {
    "product": 46,
    "fin_prdt_cd": "01012000200000000003",
    "intr_rate_type": "S",
    "intr_rate_type_nm": "단리",
    "rsrv_type": "F",
    "rsrv_type_nm": "자유적립식",
    "save_trm": 1,
    "intr_rate": 3.2,
    "intr_rate2": 3.2
  }
},
{
  "model": "moneys.savingoption",
  "pk": 144,
  "fields": {
    "product": 46,
    "fin_prdt_cd": "01012000200000000003",
    "intr_rate_type": "S",
    "intr_rate_type_nm": "단리",
    "rsrv_type": "F",
    "rsrv_type_nm": "자유적립식",
    "save_trm": 3,
    "intr_rate": 3.4,
    "intr_rate2": 3.4
  }
},
{
  "model": "moneys.savingoption",
  "pk": 145,
  "fields": {
    "product": 46,
    "fin_prdt_cd": "01012000200000000003",
    "intr_rate_type": "S",
    "intr_rate_type_nm": "단리",
    "rsrv_type": "F",
    "rsrv_type_nm": "자유적립식",
    "save_trm": 6,
    "intr_rate": 3.5,
    "intr_rate2": 3.5
  }
},
{
  "model": "moneys.savingoption",
  "pk": 146,
  "fields": {
    "product": 46,
    "fin_prdt_cd": "01012000200000000003",
    "intr_rate_type": "S",
    "intr_rate_type_nm": "단리",
    "rsrv_type": "F",
    "rsrv_type_nm": "자유적립식",
    "save_trm": 12,
    "intr_rate": 3.8,
    "intr_rate2": 3.8
  }
},
{
  "model": "moneys.savingoption",
  "pk": 147,
  "fields": {
    "product": 46,
    "fin_prdt_cd": "01012000200000000003",
    "intr_rate_type": "S",
    "intr_rate_type_nm": "단리",
    "rsrv_type": "F",
    "rsrv_type_nm": "자유적립식",
    "save_trm": 24,
    "intr_rate": 3.85,
    "intr_rate2": 3.85
  }
},
{
  "model": "moneys.savingoption",
  "pk": 148,
  "fields": {
    "product": 46,
    "fin_prdt_cd": "01012000200000000003",
    "intr_rate_type": "S",
    "intr_rate_type_nm": "단리",
    "rsrv_type": "F",
    "rsrv_type_nm": "자유적립식",
    "save_trm": 36,
    "intr_rate": 3.9,
    "intr_rate2": 3.9
  }
},
{
  "model": "moneys.savingoption",
  "pk": 149,
  "fields": {
    "product": 47,
    "fin_prdt_cd": "01012000200000000004",
    "intr_rate_type": "S",
    "intr_rate_type_nm": "단리",
    "rsrv_type": "F",
    "rsrv_type_nm": "자유적립식",
    "save_trm": 1,
    "intr_rate": 1.5,
    "intr_rate2": 7.5
  }
},
{
  "model": "moneys.savingoption",
  "pk": 150,
  "fields": {
    "product": 48,
    "fin_prdt_cd": "01012000210000000000",
    "intr_rate_type": "S",
    "intr_rate_type_nm": "단리",
    "rsrv_type": "F",
    "rsrv_type_nm": "자유적립식",
    "save_trm": 36,
    "intr_rate": 3.8,
    "intr_rate2": 4.4
  }
},
{
  "model": "moneys.savingoption",
  "pk": 151,
  "fields": {
    "product": 48,
    "fin_prdt_cd": "01012000210000000000",
    "intr_rate_type": "S",
    "intr_rate_type_nm": "단리",
    "rsrv_type": "F",
    "rsrv_type_nm": "자유적립식",
    "save_trm": 24,
    "intr_rate": 3.75,
    "intr_rate2": 4.35
  }
},
{
  "model": "moneys.savingoption",
  "pk": 152,
  "fields": {
    "product": 48,
    "fin_prdt_cd": "01012000210000000000",
    "intr_rate_type": "S",
    "intr_rate_type_nm": "단리",
    "rsrv_type": "F",
    "rsrv_type_nm": "자유적립식",
    "save_trm": 12,
    "intr_rate": 3.7,
    "intr_rate2": 4.3
  }
},
{
  "model": "moneys.savingoption",
  "pk": 153,
  "fields": {
    "product": 48,
    "fin_prdt_cd": "01012000210000000000",
    "intr_rate_type": "S",
    "intr_rate_type_nm": "단리",
    "rsrv_type": "F",
    "rsrv_type_nm": "자유적립식",
    "save_trm": 6,
    "intr_rate": 3.4,
    "intr_rate2": 4.0
  }
},
{
  "model": "moneys.savingoption",
  "pk": 154,
  "fields": {
    "product": 49,
    "fin_prdt_cd": "10140114300011",
    "intr_rate_type": "S",
    "intr_rate_type_nm": "단리",
    "rsrv_type": "S",
    "rsrv_type_nm": "정액적립식",
    "save_trm": 12,
    "intr_rate": 3.5,
    "intr_rate2": 4.0
  }
},
{
  "model": "moneys.savingoption",
  "pk": 155,
  "fields": {
    "product": 49,
    "fin_prdt_cd": "10140114300011",
    "intr_rate_type": "S",
    "intr_rate_type_nm": "단리",
    "rsrv_type": "S",
    "rsrv_type_nm": "정액적립식",
    "save_trm": 24,
    "intr_rate": 3.0,
    "intr_rate2": 3.5
  }
},
{
  "model": "moneys.savingoption",
  "pk": 156,
  "fields": {
    "product": 49,
    "fin_prdt_cd": "10140114300011",
    "intr_rate_type": "S",
    "intr_rate_type_nm": "단리",
    "rsrv_type": "S",
    "rsrv_type_nm": "정액적립식",
    "save_trm": 36,
    "intr_rate": 3.3,
    "intr_rate2": 3.8
  }
},
{
  "model": "moneys.savingoption",
  "pk": 157,
  "fields": {
    "product": 50,
    "fin_prdt_cd": "10141109800021",
    "intr_rate_type": "M",
    "intr_rate_type_nm": "복리",
    "rsrv_type": "F",
    "rsrv_type_nm": "자유적립식",
    "save_trm": 12,
    "intr_rate": 2.2,
    "intr_rate2": 2.9
  }
},
{
  "model": "moneys.savingoption",
  "pk": 158,
  "fields": {
    "product": 50,
    "fin_prdt_cd": "10141109800021",
    "intr_rate_type": "M",
    "intr_rate_type_nm": "복리",
    "rsrv_type": "F",
    "rsrv_type_nm": "자유적립식",
    "save_trm": 24,
    "intr_rate": 1.8,
    "intr_rate2": 2.5
  }
},
{
  "model": "moneys.savingoption",
  "pk": 159,
  "fields": {
    "product": 50,
    "fin_prdt_cd": "10141109800021",
    "intr_rate_type": "M",
    "intr_rate_type_nm": "복리",
    "rsrv_type": "F",
    "rsrv_type_nm": "자유적립식",
    "save_trm": 36,
    "intr_rate": 1.9,
    "intr_rate2": 2.6
  }
},
{
  "model": "moneys.savingoption",
  "pk": 160,
  "fields": {
    "product": 51,
    "fin_prdt_cd": "10141114300011",
    "intr_rate_type": "S",
    "intr_rate_type_nm": "단리",
    "rsrv_type": "F",
    "rsrv_type_nm": "자유적립식",
    "save_trm": 12,
    "intr_rate": 3.15,
    "intr_rate2": 3.65
  }
},
{
  "model": "moneys.savingoption",
  "pk": 161,
  "fields": {
    "product": 51,
    "fin_prdt_cd": "10141114300011",
    "intr_rate_type": "S",
    "intr_rate_type_nm": "단리",
    "rsrv_type": "F",
    "rsrv_type_nm": "자유적립식",
    "save_trm": 24,
    "intr_rate": 2.35,
    "intr_rate2": 2.85
  }
},
{
  "model": "moneys.savingoption",
  "pk": 162,
  "fields": {
    "product": 51,
    "fin_prdt_cd": "10141114300011",
    "intr_rate_type": "S",
    "intr_rate_type_nm": "단리",
    "rsrv_type": "F",
    "rsrv_type_nm": "자유적립식",
    "save_trm": 36,
    "intr_rate": 2.35,
    "intr_rate2": 2.85
  }
},
{
  "model": "moneys.savingoption",
  "pk": 163,
  "fields": {
    "product": 52,
    "fin_prdt_cd": "10-01-30-355-0002",
    "intr_rate_type": "S",
    "intr_rate_type_nm": "단리",
    "rsrv_type": "F",
    "rsrv_type_nm": "자유적립식",
    "save_trm": 36,
    "intr_rate": 3.5,
    "intr_rate2": 3.7
  }
},
{
  "model": "moneys.savingoption",
  "pk": 164,
  "fields": {
    "product": 52,
    "fin_prdt_cd": "10-01-30-355-0002",
    "intr_rate_type": "S",
    "intr_rate_type_nm": "단리",
    "rsrv_type": "F",
    "rsrv_type_nm": "자유적립식",
    "save_trm": 24,
    "intr_rate": 3.5,
    "intr_rate2": 3.7
  }
},
{
  "model": "moneys.savingoption",
  "pk": 165,
  "fields": {
    "product": 52,
    "fin_prdt_cd": "10-01-30-355-0002",
    "intr_rate_type": "S",
    "intr_rate_type_nm": "단리",
    "rsrv_type": "F",
    "rsrv_type_nm": "자유적립식",
    "save_trm": 12,
    "intr_rate": 3.5,
    "intr_rate2": 3.7
  }
},
{
  "model": "moneys.savingoption",
  "pk": 166,
  "fields": {
    "product": 52,
    "fin_prdt_cd": "10-01-30-355-0002",
    "intr_rate_type": "S",
    "intr_rate_type_nm": "단리",
    "rsrv_type": "F",
    "rsrv_type_nm": "자유적립식",
    "save_trm": 6,
    "intr_rate": 3.3,
    "intr_rate2": 3.5
  }
},
{
  "model": "moneys.savingoption",
  "pk": 167,
  "fields": {
    "product": 53,
    "fin_prdt_cd": "10-01-30-355-0005",
    "intr_rate_type": "S",
    "intr_rate_type_nm": "단리",
    "rsrv_type": "F",
    "rsrv_type_nm": "자유적립식",
    "save_trm": 6,
    "intr_rate": 2.5,
    "intr_rate2": 5.5
  }
},
{
  "model": "moneys.savingoption",
  "pk": 168,
  "fields": {
    "product": 54,
    "fin_prdt_cd": "10-01-30-355-0006",
    "intr_rate_type": "S",
    "intr_rate_type_nm": "단리",
    "rsrv_type": "F",
    "rsrv_type_nm": "자유적립식",
    "save_trm": 1,
    "intr_rate": 1.5,
    "intr_rate2": 7.0
  }
},
{
  "model": "moneys.savingoption",
  "pk": 169,
  "fields": {
    "product": 55,
    "fin_prdt_cd": "1001303001001",
    "intr_rate_type": "S",
    "intr_rate_type_nm": "단리",
    "rsrv_type": "F",
    "rsrv_type_nm": "자유적립식",
    "save_trm": 6,
    "intr_rate": 2.0,
    "intr_rate2": 4.0
  }
},
{
  "model": "moneys.savingoption",
  "pk": 170,
  "fields": {
    "product": 56,
    "fin_prdt_cd": "1001303001003",
    "intr_rate_type": "S",
    "intr_rate_type_nm": "단리",
    "rsrv_type": "F",
    "rsrv_type_nm": "자유적립식",
    "save_trm": 6,
    "intr_rate": 2.0,
    "intr_rate2": 4.5
  }
},
{
  "model": "moneys.savingoption",
  "pk": 171,
  "fields": {
    "product": 57,
    "fin_prdt_cd": "1001303001004",
    "intr_rate_type": "S",
    "intr_rate_type_nm": "단리",
    "rsrv_type": "F",
    "rsrv_type_nm": "자유적립식",
    "save_trm": 3,
    "intr_rate": 1.5,
    "intr_rate2": 2.0
  }
},
{
  "model": "moneys.savingoption",
  "pk": 172,
  "fields": {
    "product": 57,
    "fin_prdt_cd": "1001303001004",
    "intr_rate_type": "S",
    "intr_rate_type_nm": "단리",
    "rsrv_type": "F",
    "rsrv_type_nm": "자유적립식",
    "save_trm": 6,
    "intr_rate": 2.0,
    "intr_rate2": 2.5
  }
},
{
  "model": "moneys.savingoption",
  "pk": 173,
  "fields": {
    "product": 57,
    "fin_prdt_cd": "1001303001004",
    "intr_rate_type": "S",
    "intr_rate_type_nm": "단리",
    "rsrv_type": "F",
    "rsrv_type_nm": "자유적립식",
    "save_trm": 12,
    "intr_rate": 3.0,
    "intr_rate2": 3.5
  }
},
{
  "model": "moneys.savingoption",
  "pk": 174,
  "fields": {
    "product": 57,
    "fin_prdt_cd": "1001303001004",
    "intr_rate_type": "S",
    "intr_rate_type_nm": "단리",
    "rsrv_type": "F",
    "rsrv_type_nm": "자유적립식",
    "save_trm": 24,
    "intr_rate": 3.0,
    "intr_rate2": 3.5
  }
},
{
  "model": "moneys.savingoption",
  "pk": 175,
  "fields": {
    "product": 57,
    "fin_prdt_cd": "1001303001004",
    "intr_rate_type": "S",
    "intr_rate_type_nm": "단리",
    "rsrv_type": "F",
    "rsrv_type_nm": "자유적립식",
    "save_trm": 36,
    "intr_rate": 3.0,
    "intr_rate2": 3.5
  }
},
{
  "model": "moneys.savingoption",
  "pk": 176,
  "fields": {
    "product": 58,
    "fin_prdt_cd": "1001303001005",
    "intr_rate_type": "S",
    "intr_rate_type_nm": "단리",
    "rsrv_type": "F",
    "rsrv_type_nm": "자유적립식",
    "save_trm": 12,
    "intr_rate": 3.0,
    "intr_rate2": 5.5
  }
},
{
  "model": "moneys.userdeposit",
  "pk": 1,
  "fields": {
    "user": 2,
    "deposit_product": 4,
    "amount": "10000000.00",
    "date_created": "2024-11-26T06:11:24.576Z"
  }
},
{
  "model": "moneys.userdeposit",
  "pk": 2,
  "fields": {
    "user": 2,
    "deposit_product": 3,
    "amount": "10000000.00",
    "date_created": "2024-11-26T06:11:28.775Z"
  }
},
{
  "model": "moneys.userdeposit",
  "pk": 3,
  "fields": {
    "user": 2,
    "deposit_product": 6,
    "amount": "10000000.00",
    "date_created": "2024-11-26T06:11:35.123Z"
  }
},
{
  "model": "moneys.userdeposit",
  "pk": 4,
  "fields": {
    "user": 2,
    "deposit_product": 5,
    "amount": "10000000.00",
    "date_created": "2024-11-26T06:11:40.509Z"
  }
},
{
  "model": "moneys.userdeposit",
  "pk": 5,
  "fields": {
    "user": 1,
    "deposit_product": 25,
    "amount": "10000000.00",
    "date_created": "2024-11-26T06:15:03.103Z"
  }
},
{
  "model": "authtoken.token",
  "pk": "49b96644b45c62b5bf9d7512542a719d4764a8a3",
  "fields": {
    "user": 3,
    "created": "2024-11-26T06:17:34.513Z"
  }
},
{
  "model": "authtoken.token",
  "pk": "df7429fb014513cb2751ca22eb7be4566f9f5d97",
  "fields": {
    "user": 2,
    "created": "2024-11-26T06:06:54.421Z"
  }
},
{
  "model": "authtoken.token",
  "pk": "efb621d5ee363e5f85dc98280423f0fec79524bd",
  "fields": {
    "user": 1,
    "created": "2024-11-26T06:06:08.258Z"
  }
},
{
  "model": "sites.site",
  "pk": 1,
  "fields": {
    "domain": "example.com",
    "name": "example.com"
  }
},
{
  "model": "account.emailaddress",
  "pk": 1,
  "fields": {
    "user": 1,
    "email": "ktfigs@gmail.com",
    "verified": false,
    "primary": true
  }
},
{
  "model": "account.emailaddress",
  "pk": 2,
  "fields": {
    "user": 2,
    "email": "dlawoduf15@naver.com",
    "verified": false,
    "primary": true
  }
},
{
  "model": "account.emailaddress",
  "pk": 3,
  "fields": {
    "user": 3,
    "email": "ktfig@gmail.com",
    "verified": false,
    "primary": true
  }
},
{
  "model": "auth.permission",
  "pk": 1,
  "fields": {
    "name": "Can add investment plan",
    "content_type": 1,
    "codename": "add_investmentplan"
  }
},
{
  "model": "auth.permission",
  "pk": 2,
  "fields": {
    "name": "Can change investment plan",
    "content_type": 1,
    "codename": "change_investmentplan"
  }
},
{
  "model": "auth.permission",
  "pk": 3,
  "fields": {
    "name": "Can delete investment plan",
    "content_type": 1,
    "codename": "delete_investmentplan"
  }
},
{
  "model": "auth.permission",
  "pk": 4,
  "fields": {
    "name": "Can view investment plan",
    "content_type": 1,
    "codename": "view_investmentplan"
  }
},
{
  "model": "auth.permission",
  "pk": 5,
  "fields": {
    "name": "Can add plan item",
    "content_type": 2,
    "codename": "add_planitem"
  }
},
{
  "model": "auth.permission",
  "pk": 6,
  "fields": {
    "name": "Can change plan item",
    "content_type": 2,
    "codename": "change_planitem"
  }
},
{
  "model": "auth.permission",
  "pk": 7,
  "fields": {
    "name": "Can delete plan item",
    "content_type": 2,
    "codename": "delete_planitem"
  }
},
{
  "model": "auth.permission",
  "pk": 8,
  "fields": {
    "name": "Can view plan item",
    "content_type": 2,
    "codename": "view_planitem"
  }
},
{
  "model": "auth.permission",
  "pk": 9,
  "fields": {
    "name": "Can add post",
    "content_type": 3,
    "codename": "add_post"
  }
},
{
  "model": "auth.permission",
  "pk": 10,
  "fields": {
    "name": "Can change post",
    "content_type": 3,
    "codename": "change_post"
  }
},
{
  "model": "auth.permission",
  "pk": 11,
  "fields": {
    "name": "Can delete post",
    "content_type": 3,
    "codename": "delete_post"
  }
},
{
  "model": "auth.permission",
  "pk": 12,
  "fields": {
    "name": "Can view post",
    "content_type": 3,
    "codename": "view_post"
  }
},
{
  "model": "auth.permission",
  "pk": 13,
  "fields": {
    "name": "Can add comment",
    "content_type": 4,
    "codename": "add_comment"
  }
},
{
  "model": "auth.permission",
  "pk": 14,
  "fields": {
    "name": "Can change comment",
    "content_type": 4,
    "codename": "change_comment"
  }
},
{
  "model": "auth.permission",
  "pk": 15,
  "fields": {
    "name": "Can delete comment",
    "content_type": 4,
    "codename": "delete_comment"
  }
},
{
  "model": "auth.permission",
  "pk": 16,
  "fields": {
    "name": "Can view comment",
    "content_type": 4,
    "codename": "view_comment"
  }
},
{
  "model": "auth.permission",
  "pk": 17,
  "fields": {
    "name": "Can add user",
    "content_type": 5,
    "codename": "add_user"
  }
},
{
  "model": "auth.permission",
  "pk": 18,
  "fields": {
    "name": "Can change user",
    "content_type": 5,
    "codename": "change_user"
  }
},
{
  "model": "auth.permission",
  "pk": 19,
  "fields": {
    "name": "Can delete user",
    "content_type": 5,
    "codename": "delete_user"
  }
},
{
  "model": "auth.permission",
  "pk": 20,
  "fields": {
    "name": "Can view user",
    "content_type": 5,
    "codename": "view_user"
  }
},
{
  "model": "auth.permission",
  "pk": 21,
  "fields": {
    "name": "Can add answer",
    "content_type": 6,
    "codename": "add_answer"
  }
},
{
  "model": "auth.permission",
  "pk": 22,
  "fields": {
    "name": "Can change answer",
    "content_type": 6,
    "codename": "change_answer"
  }
},
{
  "model": "auth.permission",
  "pk": 23,
  "fields": {
    "name": "Can delete answer",
    "content_type": 6,
    "codename": "delete_answer"
  }
},
{
  "model": "auth.permission",
  "pk": 24,
  "fields": {
    "name": "Can view answer",
    "content_type": 6,
    "codename": "view_answer"
  }
},
{
  "model": "auth.permission",
  "pk": 25,
  "fields": {
    "name": "Can add deposit product",
    "content_type": 7,
    "codename": "add_depositproduct"
  }
},
{
  "model": "auth.permission",
  "pk": 26,
  "fields": {
    "name": "Can change deposit product",
    "content_type": 7,
    "codename": "change_depositproduct"
  }
},
{
  "model": "auth.permission",
  "pk": 27,
  "fields": {
    "name": "Can delete deposit product",
    "content_type": 7,
    "codename": "delete_depositproduct"
  }
},
{
  "model": "auth.permission",
  "pk": 28,
  "fields": {
    "name": "Can view deposit product",
    "content_type": 7,
    "codename": "view_depositproduct"
  }
},
{
  "model": "auth.permission",
  "pk": 29,
  "fields": {
    "name": "Can add saving product",
    "content_type": 8,
    "codename": "add_savingproduct"
  }
},
{
  "model": "auth.permission",
  "pk": 30,
  "fields": {
    "name": "Can change saving product",
    "content_type": 8,
    "codename": "change_savingproduct"
  }
},
{
  "model": "auth.permission",
  "pk": 31,
  "fields": {
    "name": "Can delete saving product",
    "content_type": 8,
    "codename": "delete_savingproduct"
  }
},
{
  "model": "auth.permission",
  "pk": 32,
  "fields": {
    "name": "Can view saving product",
    "content_type": 8,
    "codename": "view_savingproduct"
  }
},
{
  "model": "auth.permission",
  "pk": 33,
  "fields": {
    "name": "Can add user deposit",
    "content_type": 9,
    "codename": "add_userdeposit"
  }
},
{
  "model": "auth.permission",
  "pk": 34,
  "fields": {
    "name": "Can change user deposit",
    "content_type": 9,
    "codename": "change_userdeposit"
  }
},
{
  "model": "auth.permission",
  "pk": 35,
  "fields": {
    "name": "Can delete user deposit",
    "content_type": 9,
    "codename": "delete_userdeposit"
  }
},
{
  "model": "auth.permission",
  "pk": 36,
  "fields": {
    "name": "Can view user deposit",
    "content_type": 9,
    "codename": "view_userdeposit"
  }
},
{
  "model": "auth.permission",
  "pk": 37,
  "fields": {
    "name": "Can add saving option",
    "content_type": 10,
    "codename": "add_savingoption"
  }
},
{
  "model": "auth.permission",
  "pk": 38,
  "fields": {
    "name": "Can change saving option",
    "content_type": 10,
    "codename": "change_savingoption"
  }
},
{
  "model": "auth.permission",
  "pk": 39,
  "fields": {
    "name": "Can delete saving option",
    "content_type": 10,
    "codename": "delete_savingoption"
  }
},
{
  "model": "auth.permission",
  "pk": 40,
  "fields": {
    "name": "Can view saving option",
    "content_type": 10,
    "codename": "view_savingoption"
  }
},
{
  "model": "auth.permission",
  "pk": 41,
  "fields": {
    "name": "Can add deposit option",
    "content_type": 11,
    "codename": "add_depositoption"
  }
},
{
  "model": "auth.permission",
  "pk": 42,
  "fields": {
    "name": "Can change deposit option",
    "content_type": 11,
    "codename": "change_depositoption"
  }
},
{
  "model": "auth.permission",
  "pk": 43,
  "fields": {
    "name": "Can delete deposit option",
    "content_type": 11,
    "codename": "delete_depositoption"
  }
},
{
  "model": "auth.permission",
  "pk": 44,
  "fields": {
    "name": "Can view deposit option",
    "content_type": 11,
    "codename": "view_depositoption"
  }
},
{
  "model": "auth.permission",
  "pk": 45,
  "fields": {
    "name": "Can add user saving",
    "content_type": 12,
    "codename": "add_usersaving"
  }
},
{
  "model": "auth.permission",
  "pk": 46,
  "fields": {
    "name": "Can change user saving",
    "content_type": 12,
    "codename": "change_usersaving"
  }
},
{
  "model": "auth.permission",
  "pk": 47,
  "fields": {
    "name": "Can delete user saving",
    "content_type": 12,
    "codename": "delete_usersaving"
  }
},
{
  "model": "auth.permission",
  "pk": 48,
  "fields": {
    "name": "Can view user saving",
    "content_type": 12,
    "codename": "view_usersaving"
  }
},
{
  "model": "auth.permission",
  "pk": 49,
  "fields": {
    "name": "Can add apartment",
    "content_type": 13,
    "codename": "add_apartment"
  }
},
{
  "model": "auth.permission",
  "pk": 50,
  "fields": {
    "name": "Can change apartment",
    "content_type": 13,
    "codename": "change_apartment"
  }
},
{
  "model": "auth.permission",
  "pk": 51,
  "fields": {
    "name": "Can delete apartment",
    "content_type": 13,
    "codename": "delete_apartment"
  }
},
{
  "model": "auth.permission",
  "pk": 52,
  "fields": {
    "name": "Can view apartment",
    "content_type": 13,
    "codename": "view_apartment"
  }
},
{
  "model": "auth.permission",
  "pk": 53,
  "fields": {
    "name": "Can add Token",
    "content_type": 14,
    "codename": "add_token"
  }
},
{
  "model": "auth.permission",
  "pk": 54,
  "fields": {
    "name": "Can change Token",
    "content_type": 14,
    "codename": "change_token"
  }
},
{
  "model": "auth.permission",
  "pk": 55,
  "fields": {
    "name": "Can delete Token",
    "content_type": 14,
    "codename": "delete_token"
  }
},
{
  "model": "auth.permission",
  "pk": 56,
  "fields": {
    "name": "Can view Token",
    "content_type": 14,
    "codename": "view_token"
  }
},
{
  "model": "auth.permission",
  "pk": 57,
  "fields": {
    "name": "Can add Token",
    "content_type": 15,
    "codename": "add_tokenproxy"
  }
},
{
  "model": "auth.permission",
  "pk": 58,
  "fields": {
    "name": "Can change Token",
    "content_type": 15,
    "codename": "change_tokenproxy"
  }
},
{
  "model": "auth.permission",
  "pk": 59,
  "fields": {
    "name": "Can delete Token",
    "content_type": 15,
    "codename": "delete_tokenproxy"
  }
},
{
  "model": "auth.permission",
  "pk": 60,
  "fields": {
    "name": "Can view Token",
    "content_type": 15,
    "codename": "view_tokenproxy"
  }
},
{
  "model": "auth.permission",
  "pk": 61,
  "fields": {
    "name": "Can add site",
    "content_type": 16,
    "codename": "add_site"
  }
},
{
  "model": "auth.permission",
  "pk": 62,
  "fields": {
    "name": "Can change site",
    "content_type": 16,
    "codename": "change_site"
  }
},
{
  "model": "auth.permission",
  "pk": 63,
  "fields": {
    "name": "Can delete site",
    "content_type": 16,
    "codename": "delete_site"
  }
},
{
  "model": "auth.permission",
  "pk": 64,
  "fields": {
    "name": "Can view site",
    "content_type": 16,
    "codename": "view_site"
  }
},
{
  "model": "auth.permission",
  "pk": 65,
  "fields": {
    "name": "Can add email address",
    "content_type": 17,
    "codename": "add_emailaddress"
  }
},
{
  "model": "auth.permission",
  "pk": 66,
  "fields": {
    "name": "Can change email address",
    "content_type": 17,
    "codename": "change_emailaddress"
  }
},
{
  "model": "auth.permission",
  "pk": 67,
  "fields": {
    "name": "Can delete email address",
    "content_type": 17,
    "codename": "delete_emailaddress"
  }
},
{
  "model": "auth.permission",
  "pk": 68,
  "fields": {
    "name": "Can view email address",
    "content_type": 17,
    "codename": "view_emailaddress"
  }
},
{
  "model": "auth.permission",
  "pk": 69,
  "fields": {
    "name": "Can add email confirmation",
    "content_type": 18,
    "codename": "add_emailconfirmation"
  }
},
{
  "model": "auth.permission",
  "pk": 70,
  "fields": {
    "name": "Can change email confirmation",
    "content_type": 18,
    "codename": "change_emailconfirmation"
  }
},
{
  "model": "auth.permission",
  "pk": 71,
  "fields": {
    "name": "Can delete email confirmation",
    "content_type": 18,
    "codename": "delete_emailconfirmation"
  }
},
{
  "model": "auth.permission",
  "pk": 72,
  "fields": {
    "name": "Can view email confirmation",
    "content_type": 18,
    "codename": "view_emailconfirmation"
  }
},
{
  "model": "auth.permission",
  "pk": 73,
  "fields": {
    "name": "Can add social account",
    "content_type": 19,
    "codename": "add_socialaccount"
  }
},
{
  "model": "auth.permission",
  "pk": 74,
  "fields": {
    "name": "Can change social account",
    "content_type": 19,
    "codename": "change_socialaccount"
  }
},
{
  "model": "auth.permission",
  "pk": 75,
  "fields": {
    "name": "Can delete social account",
    "content_type": 19,
    "codename": "delete_socialaccount"
  }
},
{
  "model": "auth.permission",
  "pk": 76,
  "fields": {
    "name": "Can view social account",
    "content_type": 19,
    "codename": "view_socialaccount"
  }
},
{
  "model": "auth.permission",
  "pk": 77,
  "fields": {
    "name": "Can add social application",
    "content_type": 20,
    "codename": "add_socialapp"
  }
},
{
  "model": "auth.permission",
  "pk": 78,
  "fields": {
    "name": "Can change social application",
    "content_type": 20,
    "codename": "change_socialapp"
  }
},
{
  "model": "auth.permission",
  "pk": 79,
  "fields": {
    "name": "Can delete social application",
    "content_type": 20,
    "codename": "delete_socialapp"
  }
},
{
  "model": "auth.permission",
  "pk": 80,
  "fields": {
    "name": "Can view social application",
    "content_type": 20,
    "codename": "view_socialapp"
  }
},
{
  "model": "auth.permission",
  "pk": 81,
  "fields": {
    "name": "Can add social application token",
    "content_type": 21,
    "codename": "add_socialtoken"
  }
},
{
  "model": "auth.permission",
  "pk": 82,
  "fields": {
    "name": "Can change social application token",
    "content_type": 21,
    "codename": "change_socialtoken"
  }
},
{
  "model": "auth.permission",
  "pk": 83,
  "fields": {
    "name": "Can delete social application token",
    "content_type": 21,
    "codename": "delete_socialtoken"
  }
},
{
  "model": "auth.permission",
  "pk": 84,
  "fields": {
    "name": "Can view social application token",
    "content_type": 21,
    "codename": "view_socialtoken"
  }
},
{
  "model": "auth.permission",
  "pk": 85,
  "fields": {
    "name": "Can add log entry",
    "content_type": 22,
    "codename": "add_logentry"
  }
},
{
  "model": "auth.permission",
  "pk": 86,
  "fields": {
    "name": "Can change log entry",
    "content_type": 22,
    "codename": "change_logentry"
  }
},
{
  "model": "auth.permission",
  "pk": 87,
  "fields": {
    "name": "Can delete log entry",
    "content_type": 22,
    "codename": "delete_logentry"
  }
},
{
  "model": "auth.permission",
  "pk": 88,
  "fields": {
    "name": "Can view log entry",
    "content_type": 22,
    "codename": "view_logentry"
  }
},
{
  "model": "auth.permission",
  "pk": 89,
  "fields": {
    "name": "Can add permission",
    "content_type": 23,
    "codename": "add_permission"
  }
},
{
  "model": "auth.permission",
  "pk": 90,
  "fields": {
    "name": "Can change permission",
    "content_type": 23,
    "codename": "change_permission"
  }
},
{
  "model": "auth.permission",
  "pk": 91,
  "fields": {
    "name": "Can delete permission",
    "content_type": 23,
    "codename": "delete_permission"
  }
},
{
  "model": "auth.permission",
  "pk": 92,
  "fields": {
    "name": "Can view permission",
    "content_type": 23,
    "codename": "view_permission"
  }
},
{
  "model": "auth.permission",
  "pk": 93,
  "fields": {
    "name": "Can add group",
    "content_type": 24,
    "codename": "add_group"
  }
},
{
  "model": "auth.permission",
  "pk": 94,
  "fields": {
    "name": "Can change group",
    "content_type": 24,
    "codename": "change_group"
  }
},
{
  "model": "auth.permission",
  "pk": 95,
  "fields": {
    "name": "Can delete group",
    "content_type": 24,
    "codename": "delete_group"
  }
},
{
  "model": "auth.permission",
  "pk": 96,
  "fields": {
    "name": "Can view group",
    "content_type": 24,
    "codename": "view_group"
  }
},
{
  "model": "auth.permission",
  "pk": 97,
  "fields": {
    "name": "Can add content type",
    "content_type": 25,
    "codename": "add_contenttype"
  }
},
{
  "model": "auth.permission",
  "pk": 98,
  "fields": {
    "name": "Can change content type",
    "content_type": 25,
    "codename": "change_contenttype"
  }
},
{
  "model": "auth.permission",
  "pk": 99,
  "fields": {
    "name": "Can delete content type",
    "content_type": 25,
    "codename": "delete_contenttype"
  }
},
{
  "model": "auth.permission",
  "pk": 100,
  "fields": {
    "name": "Can view content type",
    "content_type": 25,
    "codename": "view_contenttype"
  }
},
{
  "model": "auth.permission",
  "pk": 101,
  "fields": {
    "name": "Can add session",
    "content_type": 26,
    "codename": "add_session"
  }
},
{
  "model": "auth.permission",
  "pk": 102,
  "fields": {
    "name": "Can change session",
    "content_type": 26,
    "codename": "change_session"
  }
},
{
  "model": "auth.permission",
  "pk": 103,
  "fields": {
    "name": "Can delete session",
    "content_type": 26,
    "codename": "delete_session"
  }
},
{
  "model": "auth.permission",
  "pk": 104,
  "fields": {
    "name": "Can view session",
    "content_type": 26,
    "codename": "view_session"
  }
},
{
  "model": "contenttypes.contenttype",
  "pk": 1,
  "fields": {
    "app_label": "recommendations",
    "model": "investmentplan"
  }
},
{
  "model": "contenttypes.contenttype",
  "pk": 2,
  "fields": {
    "app_label": "recommendations",
    "model": "planitem"
  }
},
{
  "model": "contenttypes.contenttype",
  "pk": 3,
  "fields": {
    "app_label": "boards",
    "model": "post"
  }
},
{
  "model": "contenttypes.contenttype",
  "pk": 4,
  "fields": {
    "app_label": "boards",
    "model": "comment"
  }
},
{
  "model": "contenttypes.contenttype",
  "pk": 5,
  "fields": {
    "app_label": "accounts",
    "model": "user"
  }
},
{
  "model": "contenttypes.contenttype",
  "pk": 6,
  "fields": {
    "app_label": "surveys",
    "model": "answer"
  }
},
{
  "model": "contenttypes.contenttype",
  "pk": 7,
  "fields": {
    "app_label": "moneys",
    "model": "depositproduct"
  }
},
{
  "model": "contenttypes.contenttype",
  "pk": 8,
  "fields": {
    "app_label": "moneys",
    "model": "savingproduct"
  }
},
{
  "model": "contenttypes.contenttype",
  "pk": 9,
  "fields": {
    "app_label": "moneys",
    "model": "userdeposit"
  }
},
{
  "model": "contenttypes.contenttype",
  "pk": 10,
  "fields": {
    "app_label": "moneys",
    "model": "savingoption"
  }
},
{
  "model": "contenttypes.contenttype",
  "pk": 11,
  "fields": {
    "app_label": "moneys",
    "model": "depositoption"
  }
},
{
  "model": "contenttypes.contenttype",
  "pk": 12,
  "fields": {
    "app_label": "moneys",
    "model": "usersaving"
  }
},
{
  "model": "contenttypes.contenttype",
  "pk": 13,
  "fields": {
    "app_label": "moneys",
    "model": "apartment"
  }
},
{
  "model": "contenttypes.contenttype",
  "pk": 14,
  "fields": {
    "app_label": "authtoken",
    "model": "token"
  }
},
{
  "model": "contenttypes.contenttype",
  "pk": 15,
  "fields": {
    "app_label": "authtoken",
    "model": "tokenproxy"
  }
},
{
  "model": "contenttypes.contenttype",
  "pk": 16,
  "fields": {
    "app_label": "sites",
    "model": "site"
  }
},
{
  "model": "contenttypes.contenttype",
  "pk": 17,
  "fields": {
    "app_label": "account",
    "model": "emailaddress"
  }
},
{
  "model": "contenttypes.contenttype",
  "pk": 18,
  "fields": {
    "app_label": "account",
    "model": "emailconfirmation"
  }
},
{
  "model": "contenttypes.contenttype",
  "pk": 19,
  "fields": {
    "app_label": "socialaccount",
    "model": "socialaccount"
  }
},
{
  "model": "contenttypes.contenttype",
  "pk": 20,
  "fields": {
    "app_label": "socialaccount",
    "model": "socialapp"
  }
},
{
  "model": "contenttypes.contenttype",
  "pk": 21,
  "fields": {
    "app_label": "socialaccount",
    "model": "socialtoken"
  }
},
{
  "model": "contenttypes.contenttype",
  "pk": 22,
  "fields": {
    "app_label": "admin",
    "model": "logentry"
  }
},
{
  "model": "contenttypes.contenttype",
  "pk": 23,
  "fields": {
    "app_label": "auth",
    "model": "permission"
  }
},
{
  "model": "contenttypes.contenttype",
  "pk": 24,
  "fields": {
    "app_label": "auth",
    "model": "group"
  }
},
{
  "model": "contenttypes.contenttype",
  "pk": 25,
  "fields": {
    "app_label": "contenttypes",
    "model": "contenttype"
  }
},
{
  "model": "contenttypes.contenttype",
  "pk": 26,
  "fields": {
    "app_label": "sessions",
    "model": "session"
  }
},
{
  "model": "sessions.session",
  "pk": "3gwydn8shsmxq377i4rm1q5tdg8cdkma",
  "fields": {
    "session_data": ".eJxVj8FuwyAQRP-Fc4R2IQHjY-_5BrSwS0zrYsnGuVT999pSesh13syT5kdRzsveenzKWksVjvJNdVZj2-f5oiLtfYr7JmusrEaF6i1LlL-knYA_qT0WnZfW15r0WdEvuun7wjJ_vLpvgom26ViTeAbwkq4BMou3wGwCuBuU7EMJAYZ0yxjQIgAmGsCR4VCKJWsSuUP6_-N0S-s1Uz_OUFcjemscILpBG-_RXs3vH7lcUU0:1tFoi8:ZK7CmNFJi95EAtTuIYDcDIc4L9t-iwf8ZhGzkpNp1AA",
    "expire_date": "2024-12-10T06:06:08.295Z"
  }
},
{
  "model": "sessions.session",
  "pk": "4rxkatu2a91daggsbmr7gz6nvrd160qc",
  "fields": {
    "session_data": ".eJxVjEEOwiAQRe_C2pABLHRcuu8ZyMCAVA0kpV0Z765NutDtf-_9l_C0rcVvPS1-ZnERSpx-t0DxkeoO-E711mRsdV3mIHdFHrTLqXF6Xg_376BQL9-akmMAl8IZIXJyBpg1gh0gR4cZEcYwRIXKKAAVaARLmjFnQ0YHsuL9AeMfN78:1tFooc:2ab2bamoko1yedC9lvbo21XqDsWPGj1R05XE5A6fYRU",
    "expire_date": "2024-12-10T06:12:50.647Z"
  }
},
{
  "model": "sessions.session",
  "pk": "bni3md7x9b83q23vk3ui14c0gztsg5b9",
  "fields": {
    "session_data": ".eJxVjEEOwiAQRe_C2pABLHRcuu8ZyMCAVA0kpV0Z765NutDtf-_9l_C0rcVvPS1-ZnERSpx-t0DxkeoO-E711mRsdV3mIHdFHrTLqXF6Xg_376BQL9-akmMAl8IZIXJyBpg1gh0gR4cZEcYwRIXKKAAVaARLmjFnQ0YHsuL9AeMfN78:1tFotk:6wtkrwVkcJdq_htZJWQLOsRi8xpLeU4hn1rCQnbp10o",
    "expire_date": "2024-12-10T06:18:08.647Z"
  }
},
{
  "model": "sessions.session",
  "pk": "hadpyta71zaqbkc39zyw2ha8pv8v4rai",
  "fields": {
    "session_data": ".eJxVjMsOwiAQRf-FtSGUMkNx6d5vIDM8pGogKe3K-O_apAvd3nPOfQlP21r81tPi5yjOQovT78YUHqnuIN6p3poMra7LzHJX5EG7vLaYnpfD_Tso1Mu3tuNoENwEQeuQacgQnDIWiHkAZmUzqhEdKTRxMtoGREaTNGmwFhOJ9wfB7zcV:1tFojL:wjagXK_nFvZ-5_3sgnveUvYG8JoM4pJ772L1_VFmlM4",
    "expire_date": "2024-12-10T06:07:23.655Z"
  }
},
{
  "model": "sessions.session",
  "pk": "ixdqxszox30mw9y00sb11w7kfrvbvr9h",
  "fields": {
    "session_data": ".eJxVjEsOwiAUAO_C2hBsAcGle89AHu8jVUOT0q6Md1eSLnQ7M5mXSrCtJW2NlzSROqtRHX5ZBnxw7YLuUG-zxrmuy5R1T_Rum77OxM_L3v4NCrTSt26wwkbQI5loBhcAspUjRRmDsIv-FL0DxiBeHIFE9Ba82PAVmLN6fwD4PTi8:1tFqq4:5BtIuqkab3nVjANSuLmQApd1YaMsfCmjql1IxrW3Zwg",
    "expire_date": "2024-12-10T08:22:28.286Z"
  }
},
{
  "model": "sessions.session",
  "pk": "ogo6g30nchqas8eohz4o4y0u79zg9w8u",
  "fields": {
    "session_data": ".eJxVjMsOwiAQRf-FtSGUMkNx6d5vIDM8pGogKe3K-O_apAvd3nPOfQlP21r81tPi5yjOQovT78YUHqnuIN6p3poMra7LzHJX5EG7vLaYnpfD_Tso1Mu3tuNoENwEQeuQacgQnDIWiHkAZmUzqhEdKTRxMtoGREaTNGmwFhOJ9wfB7zcV:1tFpR0:u6_kTkGUgOd_tomdWjw4SSdEwgpiASHVkC7KHL42zx0",
    "expire_date": "2024-12-10T06:52:30.181Z"
  }
},
{
  "model": "sessions.session",
  "pk": "p3rhtz8h44mv076u1absci86mrbtt22d",
  "fields": {
    "session_data": ".eJxVjEsOwiAUAO_C2hBsAcGle89AHu8jVUOT0q6Md1eSLnQ7M5mXSrCtJW2NlzSROqtRHX5ZBnxw7YLuUG-zxrmuy5R1T_Rum77OxM_L3v4NCrTSt26wwkbQI5loBhcAspUjRRmDsIv-FL0DxiBeHIFE9Ba82PAVmLN6fwD4PTi8:1tFotN:1rOjzDRZTb_kBQs5SFiWe-eJt11vLpmSkSNNeb38zM4",
    "expire_date": "2024-12-10T06:17:45.572Z"
  }
},
{
  "model": "sessions.session",
  "pk": "qkxont5jkfcedyhcek3ey6ui4k61h6wa",
  "fields": {
    "session_data": ".eJxVjEEOwiAQRe_C2pABLHRcuu8ZyMCAVA0kpV0Z765NutDtf-_9l_C0rcVvPS1-ZnERSpx-t0DxkeoO-E711mRsdV3mIHdFHrTLqXF6Xg_376BQL9-akmMAl8IZIXJyBpg1gh0gR4cZEcYwRIXKKAAVaARLmjFnQ0YHsuL9AeMfN78:1tFqvB:vi33QIC6Yft_Lft5JYl9TkETyO_joL05sfmvrRFoD60",
    "expire_date": "2024-12-10T08:27:45.628Z"
  }
},
{
  "model": "sessions.session",
  "pk": "v21dhngivjkkqaw3uwi0r3r2jj0z59xz",
  "fields": {
    "session_data": ".eJxVj8sOgyAQRf-FdUN8AILL7vsNZBhmKq3FRLGbpv9eTezC7T03JzkfAYjTmot_05w4UfT0gjSKPq_jeBEe1jL4daHZpyh60YrTFgCflHcQH5Dvk8QplzkFuV_kQRd5myKN1-N7EgywDLtWN4qpYjQYK1c12gIExXV03Fom7UznjAZCy4Z1BHZoFBhWdgMYwib9d-xuyiUhlC0Giujrrm1MVVutpG5dY6z-_gD8PFJY:1tFotC:fVouNQteguT1TTd8X34mQQpRRFTE98m6b1y2CIJA4ds",
    "expire_date": "2024-12-10T06:17:34.540Z"
  }
},
{
  "model": "sessions.session",
  "pk": "wwt4bd2yo1k5gjl0eeyanuzqc1imet1e",
  "fields": {
    "session_data": ".eJxVj0tuhDAQRO_idWT52waW2ecMVrvdBCfESGCyGc3dByRmwbZe1ZPqIZBo2WuL_7yWsXCO_IdlFkPd5_lDRNzbFPeN11iyGIQRtywh_XI9Qf7B-r1IWmpbS5JnRV50k19L5vnz6t4EE27TsQ7WOvB958kYGlGPnnrlgseUtE9JhRGUhR4VuNw5EwgggWODxocAjIf0_eN0c22FsB1nsIlBB2tAaaOdDL6z_vkC2PBQPQ:1tFois:_0aMmhCD9Jot2aKpGje9NVzUabffad_2kv0nvmPO_MY",
    "expire_date": "2024-12-10T06:06:54.759Z"
  }
}
]
